gauge_id,country,match_method,matched_dataset,matched_gauge_id,nat_id,distance_km
GRDC_3617812,BR,id,camelsbr,,15130000,
GRDC_3618052,BR,id,camelsbr,,14330000,
GRDC_3618053,BR,id,camelsbr,,14250000,
GRDC_3618090,BR,id,camelsbr,,14110000,
GRDC_3618110,BR,id,camelsbr,,14230000,
GRDC_3618120,BR,id,camelsbr,,14310000,
GRDC_3618130,BR,id,camelsbr,,14350000,
GRDC_3618150,BR,id,camelsbr,,14440000,
GRDC_3618720,BR,id,camelsbr,,14515000,
GRDC_3618730,BR,id,camelsbr,,14680001,
GRDC_3618950,BR,id,camelsbr,,14260000,
GRDC_3618951,BR,id,camelsbr,,14280001,
GRDC_3620000,BR,id,camelsbr,,11500000,
GRDC_3623100,BR,id,camelsbr,,11400000,
GRDC_3625000,BR,id,camelsbr,,13150000,
GRDC_3626000,BR,id,camelsbr,,14100000,
GRDC_3627000,BR,id,camelsbr,,15030000,
GRDC_3628700,BR,id,camelsbr,,15910000,
GRDC_3628701,BR,id,camelsbr,,15910000,
GRDC_3628900,BR,id,camelsbr,,15930000,
GRDC_3629001,BR,id,camelsbr,,17050001,
GRDC_3630100,BR,id,camelsbr,,17090000,
GRDC_3630300,BR,id,camelsbr,,18200000,
GRDC_3632400,BR,id,camelsbr,,10500000,
GRDC_3633121,BR,id,camelsbr,,12700000,
GRDC_3633123,BR,id,camelsbr,,12520000,
GRDC_3633160,BR,id,camelsbr,,12500000,
GRDC_3633180,BR,id,camelsbr,,12370000,
GRDC_3634100,BR,id,camelsbr,,13470000,
GRDC_3634150,BR,id,camelsbr,,13600002,
GRDC_3634320,BR,id,camelsbr,,13880000,
GRDC_3634340,BR,id,camelsbr,,13870000,
GRDC_3634350,BR,id,camelsbr,,13750000,
GRDC_3634360,BR,id,camelsbr,,13710001,
GRDC_3635030,BR,id,camelsbr,,15700000,
GRDC_3635040,BR,id,camelsbr,,15400000,
GRDC_3635310,BR,id,camelsbr,,15550000,
GRDC_3635651,BR,id,camelsbr,,15800000,
GRDC_3637775,BR,id,camelsbr,,17200000,
GRDC_3637810,BR,id,camelsbr,,17350000,
GRDC_3637815,BR,id,camelsbr,,17345000,
GRDC_3638050,BR,id,camelsbr,,18850000,
GRDC_3638215,BR,id,camelsbr,,17090000,
GRDC_3649012,BR,id,camelsbr,,20250000,
GRDC_3649050,BR,id,camelsbr,,20200000,
GRDC_3649120,BR,id,camelsbr,,21750000,
GRDC_3649150,BR,id,camelsbr,,21500000,
GRDC_3649251,BR,id,camelsbr,,22050001,
GRDC_3649310,BR,id,camelsbr,,23250000,
GRDC_3649311,BR,id,camelsbr,,23150000,
GRDC_3649312,BR,id,camelsbr,,23220000,
GRDC_3649315,BR,id,camelsbr,,23230000,
GRDC_3649320,BR,id,camelsbr,,22900000,
GRDC_3649321,BR,id,camelsbr,,22700000,
GRDC_3649322,BR,id,camelsbr,,22680000,
GRDC_3649409,BR,id,camelsbr,,26350000,
GRDC_3649411,BR,id,camelsbr,,24200000,
GRDC_3649412,BR,id,camelsbr,,24850000,
GRDC_3649416,BR,id,camelsbr,,27500000,
GRDC_3649418,BR,id,camelsbr,,28300000,
GRDC_3649419,BR,id,camelsbr,,28850000,
GRDC_3649420,BR,id,camelsbr,,24500000,
GRDC_3649421,BR,id,camelsbr,,25200000,
GRDC_3649422,BR,id,camelsbr,,24700000,
GRDC_3649423,BR,id,camelsbr,,24050000,
GRDC_3649424,BR,id,camelsbr,,25700000,
GRDC_3649440,BR,id,camelsbr,,24900000,
GRDC_3649449,BR,id,camelsbr,,24950000,
GRDC_3649450,BR,id,camelsbr,,24750000,
GRDC_3649455,BR,id,camelsbr,,24780000,
GRDC_3649459,BR,id,camelsbr,,24800000,
GRDC_3649465,BR,id,camelsbr,,26720000,
GRDC_3649510,BR,id,camelsbr,,25130000,
GRDC_3649511,BR,id,camelsbr,,25100000,
GRDC_3649614,BR,id,camelsbr,,26050000,
GRDC_3649617,BR,id,camelsbr,,26100000,
GRDC_3649618,BR,id,camelsbr,,26200000,
GRDC_3649619,BR,id,camelsbr,,26300000,
GRDC_3649855,BR,id,camelsbr,,28150000,
GRDC_3649860,BR,id,camelsbr,,27550000,
GRDC_3649901,BR,id,camelsbr,,29050000,
GRDC_3649902,BR,id,camelsbr,,23700000,
GRDC_3649903,BR,id,camelsbr,,23600000,
GRDC_3649905,BR,id,camelsbr,,23100000,
GRDC_3649906,BR,id,camelsbr,,22500000,
GRDC_3649960,BR,id,camelsbr,,29100000,
GRDC_3650150,BR,id,camelsbr,,31700000,
GRDC_3650202,BR,id,camelsbr,,32620000,
GRDC_3650220,BR,id,camelsbr,,32400000,
GRDC_3650270,BR,id,camelsbr,,32830000,
GRDC_3650280,BR,id,camelsbr,,33025000,
GRDC_3650285,BR,id,camelsbr,,33190000,
GRDC_3650310,BR,id,camelsbr,,33170000,
GRDC_3650321,BR,id,camelsbr,,33321000,
GRDC_3650330,BR,id,camelsbr,,33205000,
GRDC_3650335,BR,id,camelsbr,,33290000,
GRDC_3650341,BR,id,camelsbr,,33215000,
GRDC_3650355,BR,id,camelsbr,,33550000,
GRDC_3650359,BR,id,camelsbr,,33680000,
GRDC_3650360,BR,id,camelsbr,,33520000,
GRDC_3650370,BR,id,camelsbr,,33620000,
GRDC_3650380,BR,id,camelsbr,,33730000,
GRDC_3650385,BR,id,camelsbr,,33780000,
GRDC_3650410,BR,id,camelsbr,,34130000,
GRDC_3650415,BR,id,camelsbr,,34130000,
GRDC_3650455,BR,id,camelsbr,,34571000,
GRDC_3650470,BR,id,camelsbr,,34789000,
GRDC_3650471,BR,id,camelsbr,,34750000,
GRDC_3650475,BR,id,camelsbr,,34940000,
GRDC_3650477,BR,id,camelsbr,,34980000,
GRDC_3650481,BR,id,camelsbr,,34879500,
GRDC_3650530,BR,id,camelsbr,,35260000,
GRDC_3650610,BR,id,camelsbr,,36020000,
GRDC_3650620,BR,id,camelsbr,,36250000,
GRDC_3650634,BR,id,camelsbr,,36580000,
GRDC_3650640,BR,id,camelsbr,,36125000,
GRDC_3650645,BR,id,camelsbr,,36160000,
GRDC_3650649,BR,id,camelsbr,,36390000,
GRDC_3650745,BR,id,camelsbr,,36290000,
GRDC_3650750,BR,id,camelsbr,,37470000,
GRDC_3650755,BR,id,camelsbr,,37220000,
GRDC_3650860,BR,id,camelsbr,,38790000,
GRDC_3650881,BR,id,camelsbr,,38830000,
GRDC_3650910,BR,id,camelsbr,,39084010,
GRDC_3650920,BR,id,camelsbr,,39130000,
GRDC_3650924,BR,id,camelsbr,,39140000,
GRDC_3650925,BR,id,camelsbr,,39145000,
GRDC_3650940,BR,id,camelsbr,,39560000,
GRDC_3650941,BR,id,camelsbr,,39540000,
GRDC_3650970,BR,id,camelsbr,,39770000,
GRDC_3651300,BR,id,camelsbr,,41199998,
GRDC_3651309,BR,id,camelsbr,,41990000,
GRDC_3651400,BR,id,camelsbr,,42290000,
GRDC_3651410,BR,id,camelsbr,,42490000,
GRDC_3651520,BR,id,camelsbr,,45220000,
GRDC_3651530,BR,id,camelsbr,,45131000,
GRDC_3651535,BR,id,camelsbr,,45260000,
GRDC_3651550,BR,id,camelsbr,,45880000,
GRDC_3651650,BR,id,camelsbr,,46455000,
GRDC_3651678,BR,id,camelsbr,,46902000,
GRDC_3651805,BR,id,camelsbr,,44500000,
GRDC_3651806,BR,id,camelsbr,,45480000,
GRDC_3651807,BR,id,camelsbr,,46360000,
GRDC_3652030,BR,id,camelsbr,,50465000,
GRDC_3652039,BR,id,camelsbr,,50595000,
GRDC_3652040,BR,id,camelsbr,,50420000,
GRDC_3652050,BR,id,camelsbr,,50191000,
GRDC_3652060,BR,id,camelsbr,,51440000,
GRDC_3652068,BR,id,camelsbr,,51460000,
GRDC_3652080,BR,id,camelsbr,,50755000,
GRDC_3652089,BR,id,camelsbr,,50795000,
GRDC_3652115,BR,id,camelsbr,,51120000,
GRDC_3652120,BR,id,camelsbr,,51230000,
GRDC_3652130,BR,id,camelsbr,,51330000,
GRDC_3652210,BR,id,camelsbr,,52370000,
GRDC_3652220,BR,id,camelsbr,,52570000,
GRDC_3652230,BR,id,camelsbr,,53180000,
GRDC_3652320,BR,id,camelsbr,,53950000,
GRDC_3652350,BR,id,camelsbr,,53780000,
GRDC_3652410,BR,id,camelsbr,,54230000,
GRDC_3652419,BR,id,camelsbr,,54500000,
GRDC_3652450,BR,id,camelsbr,,54780000,
GRDC_3652455,BR,id,camelsbr,,54950000,
GRDC_3652610,BR,id,camelsbr,,56335001,
GRDC_3652660,BR,id,camelsbr,,56990000,
GRDC_3652810,BR,id,camelsbr,,58099000,
GRDC_3652850,BR,id,camelsbr,,58520000,
GRDC_3652870,BR,id,camelsbr,,58770000,
GRDC_3652880,BR,id,camelsbr,,58880001,
GRDC_3652890,BR,id,camelsbr,,58974000,
GRDC_3653110,BR,id,camelsbr,,81135000,
GRDC_3653250,BR,id,camelsbr,,82350000,
GRDC_3653352,BR,id,camelsbr,,83800002,
GRDC_3653450,BR,id,camelsbr,,84580000,
GRDC_3653620,BR,id,camelsbr,,86500000,
GRDC_3653910,BR,id,camelsbr,,59100000,
GRDC_3653955,BR,id,camelsbr,,59240000,
GRDC_3653980,BR,id,camelsbr,,59355000,
GRDC_3653985,BR,id,camelsbr,,59370000,
GRDC_3659100,BR,id,camelsbr,,60490000,
GRDC_3659105,BR,id,camelsbr,,60500000,
GRDC_3660200,BR,id,camelsbr,,61886000,
GRDC_3660602,BR,id,camelsbr,,61886000,
GRDC_3660700,BR,id,camelsbr,,61271000,
GRDC_3660730,BR,id,camelsbr,,61520000,
GRDC_3660900,BR,id,camelsbr,,61060000,
GRDC_3662300,BR,id,camelsbr,,63955000,
GRDC_3662400,BR,id,camelsbr,,64830000,
GRDC_3662500,BR,id,camelsbr,,64785000,
GRDC_3662550,BR,id,camelsbr,,64775000,
GRDC_3662600,BR,id,camelsbr,,64659000,
GRDC_3662650,BR,id,camelsbr,,64693000,
GRDC_3662655,BR,id,camelsbr,,64685000,
GRDC_3663700,BR,id,camelsbr,,64507000,
GRDC_3663800,BR,id,camelsbr,,64370000,
GRDC_3664100,BR,id,camelsbr,,65960000,
GRDC_3664160,BR,id,camelsbr,,65993000,
GRDC_3664802,BR,id,camelsbr,,65310000,
GRDC_3664804,BR,id,camelsbr,,65987000,
GRDC_3667060,BR,id,camelsbr,,67100000,
GRDC_3669350,BR,id,camelsbr,,73300000,
GRDC_3669630,BR,id,camelsbr,,76750000,
GRDC_4113315,US,id,hysets,,05078500,
GRDC_4113320,US,id,hysets,,05080000,
GRDC_4113321,US,id,hysets,,05079000,
GRDC_4113330,US,id,hysets,,05051300,
GRDC_4113360,US,id,camels,,05056000,
GRDC_4113361,US,id,camels,,05057000,
GRDC_4113600,US,id,camels,,05131500,
GRDC_4115080,US,id,hysets,,14243000,
GRDC_4115210,US,id,hysets,,14113000,
GRDC_4115211,US,id,hysets,,14107000,
GRDC_4115220,US,id,hysets,,14046500,
GRDC_4115221,US,id,hysets,,14048000,
GRDC_4115222,US,id,hysets,,14038530,
GRDC_4115223,US,id,hysets,,14046000,
GRDC_4115224,US,id,hysets,,14044000,
GRDC_4115230,US,id,hysets,,12459000,
GRDC_4115231,US,id,hysets,,12462500,
GRDC_4115235,US,id,hysets,,12449950,
GRDC_4115236,US,id,hysets,,12448500,
GRDC_4115241,US,id,camels,,14020000,
GRDC_4115250,US,id,hysets,,14018500,
GRDC_4115290,US,id,hysets,,12452500,
GRDC_4115330,US,id,camels,,12358500,
GRDC_4115333,US,id,hysets,,12359800,
GRDC_4115340,US,id,hysets,,12340000,
GRDC_4115344,US,id,hysets,,12324200,
GRDC_4115345,US,id,hysets,,12354500,
GRDC_4115348,US,id,hysets,,12353000,
GRDC_4115349,US,id,hysets,,12340500,
GRDC_4115350,US,id,hysets,,12413500,
GRDC_4115351,US,id,hysets,,12413000,
GRDC_4115410,US,id,camels,,12414500,
GRDC_4115450,US,id,hysets,,12352500,
GRDC_4115451,US,id,hysets,,12344000,
GRDC_4116150,US,id,camels,,13331500,
GRDC_4116170,US,id,hysets,,13288200,
GRDC_4116193,US,id,hysets,,13010065,
GRDC_4116200,US,id,hysets,,13351000,
GRDC_4116201,US,id,hysets,,13345000,
GRDC_4116301,US,id,camels,,13340000,
GRDC_4116302,US,id,hysets,,13339000,
GRDC_4116311,US,id,camels,,13340600,
GRDC_4116320,US,id,hysets,,13336500,
GRDC_4116325,US,id,camels,,13337000,
GRDC_4116330,US,id,hysets,,13317000,
GRDC_4116331,US,id,hysets,,13307000,
GRDC_4116332,US,id,hysets,,13302500,
GRDC_4116333,US,id,hysets,,13296500,
GRDC_4116335,US,id,hysets,,13310199,
GRDC_4116351,US,id,camels,,13161500,
GRDC_4116360,US,id,hysets,,13295000,
GRDC_4116461,US,id,hysets,,13185000,
GRDC_4118100,US,id,hysets,,10310000,
GRDC_4118200,US,id,hysets,,10264600,
GRDC_4118220,US,id,camels,,10263500,
GRDC_4118300,US,id,camels,,10258500,
GRDC_4118310,US,id,camels,,10259200,
GRDC_4118400,US,id,hysets,,10393500,
GRDC_4118420,US,id,camels,,10396000,
GRDC_4118450,US,id,hysets,,10353000,
GRDC_4118800,US,id,hysets,,10174500,
GRDC_4118900,US,id,hysets,,10041000,
GRDC_4119050,US,id,hysets,,05244000,
GRDC_4119070,US,id,hysets,,05280000,
GRDC_4119090,US,id,hysets,,05320500,
GRDC_4119150,US,id,camels,,05412500,
GRDC_4119170,US,id,hysets,,05422000,
GRDC_4119210,US,id,hysets,,05435500,
GRDC_4119220,US,id,hysets,,05440000,
GRDC_4119230,US,id,hysets,,05447500,
GRDC_4119252,US,id,hysets,,05451500,
GRDC_4119260,US,id,hysets,,05464500,
GRDC_4119261,US,id,hysets,,05464000,
GRDC_4119262,US,id,hysets,,05458500,
GRDC_4119263,US,id,hysets,,05457700,
GRDC_4119265,US,id,hysets,,05462000,
GRDC_4119270,US,id,hysets,,05474000,
GRDC_4119271,US,id,hysets,,05471500,
GRDC_4119281,US,id,hysets,,05481300,
GRDC_4119282,US,id,hysets,,05480500,
GRDC_4119283,US,id,hysets,,05479000,
GRDC_4119285,US,id,hysets,,05484500,
GRDC_4119286,US,id,hysets,,05482500,
GRDC_4119288,US,id,hysets,,05481000,
GRDC_4119295,US,id,camels,,05514500,
GRDC_4119310,US,id,hysets,,05527500,
GRDC_4119311,US,id,hysets,,05520500,
GRDC_4119312,US,id,hysets,,05518000,
GRDC_4119313,US,id,hysets,,05517500,
GRDC_4119315,US,id,hysets,,05526000,
GRDC_4119318,US,id,hysets,,05555300,
GRDC_4119321,US,id,hysets,,05569500,
GRDC_4119322,US,id,hysets,,05570000,
GRDC_4119325,US,id,hysets,,05582000,
GRDC_4119327,US,id,camels,,05585000,
GRDC_4119410,US,id,hysets,,05583000,
GRDC_4119431,US,id,hysets,,05381000,
GRDC_4119460,US,id,hysets,,05330000,
GRDC_4119500,US,id,hysets,,05414500,
GRDC_4119510,US,id,hysets,,05418500,
GRDC_4119600,US,id,hysets,,05528000,
GRDC_4120220,US,id,hysets,,06139500,
GRDC_4120300,US,id,hysets,,06108800,
GRDC_4120301,US,id,hysets,,06108000,
GRDC_4120320,US,id,hysets,,06130500,
GRDC_4120322,US,id,hysets,,06120500,
GRDC_4120330,US,id,hysets,,06036650,
GRDC_4120331,US,id,hysets,,06026500,
GRDC_4120800,US,id,hysets,,06131000,
GRDC_4120903,US,id,hysets,,06054500,
GRDC_4120950,US,id,hysets,,06329500,
GRDC_4120951,US,id,hysets,,06214500,
GRDC_4120952,US,id,hysets,,06192500,
GRDC_4120953,US,id,camels,,06191500,
GRDC_4121100,US,id,hysets,,06337000,
GRDC_4121101,US,id,hysets,,06335500,
GRDC_4121102,US,id,hysets,,06334500,
GRDC_4121110,US,id,hysets,,06340500,
GRDC_4121111,US,id,camels,,06339500,
GRDC_4121120,US,id,camels,,06354000,
GRDC_4121121,US,id,camels,,06350000,
GRDC_4121125,US,id,camels,,06353000,
GRDC_4121126,US,id,camels,,06352000,
GRDC_4121130,US,id,hysets,,06359500,
GRDC_4121131,US,id,camels,,06360500,
GRDC_4121150,US,id,camels,,06441500,
GRDC_4121160,US,id,camels,,06452000,
GRDC_4121161,US,id,camels,,06447000,
GRDC_4121162,US,id,hysets,,06445685,
GRDC_4121300,US,id,hysets,,06478500,
GRDC_4121301,US,id,hysets,,06477000,
GRDC_4121320,US,id,hysets,,06485500,
GRDC_4121330,US,id,hysets,,06600500,
GRDC_4121340,US,id,hysets,,06606600,
GRDC_4121341,US,id,hysets,,06607500,
GRDC_4121350,US,id,hysets,,06609500,
GRDC_4122100,US,id,hysets,,06800500,
GRDC_4122101,US,id,hysets,,06798500,
GRDC_4122105,US,id,hysets,,06799500,
GRDC_4122160,US,id,hysets,,06810000,
GRDC_4122165,US,id,hysets,,06808500,
GRDC_4122170,US,id,hysets,,06811500,
GRDC_4122180,US,id,hysets,,06815000,
GRDC_4122190,US,id,hysets,,06820500,
GRDC_4122200,US,id,hysets,,06886000,
GRDC_4122210,US,id,hysets,,06884500,
GRDC_4122211,US,id,hysets,,06884400,
GRDC_4122212,US,id,hysets,,06883000,
GRDC_4122221,US,id,hysets,,06860000,
GRDC_4122250,US,id,hysets,,06897500,
GRDC_4122251,US,id,hysets,,06902000,
GRDC_4122255,US,id,hysets,,06899500,
GRDC_4122260,US,id,hysets,,06908000,
GRDC_4122280,US,id,hysets,,06933500,
GRDC_4122281,US,id,camels,,06934000,
GRDC_4122301,US,id,hysets,,06918070,
GRDC_4122360,US,id,hysets,,06847500,
GRDC_4122639,US,id,camels,,06784000,
GRDC_4123085,US,id,hysets,,03410500,
GRDC_4123090,US,id,hysets,,03380500,
GRDC_4123100,US,id,hysets,,03380350,
GRDC_4123110,US,id,hysets,,03379500,
GRDC_4123120,US,id,hysets,,03378000,
GRDC_4123135,US,id,hysets,,03328500,
GRDC_4123136,US,id,hysets,,03331500,
GRDC_4123137,US,id,hysets,,03345500,
GRDC_4123140,US,id,hysets,,03378550,
GRDC_4123205,US,id,hysets,,03364000,
GRDC_4123206,US,id,hysets,,03365500,
GRDC_4123208,US,id,hysets,,03361500,
GRDC_4123209,US,id,hysets,,03362500,
GRDC_4123210,US,id,hysets,,03363000,
GRDC_4123225,US,id,hysets,,03303000,
GRDC_4123240,US,id,hysets,,03289500,
GRDC_4123245,US,id,hysets,,03301500,
GRDC_4123252,US,id,hysets,,03252500,
GRDC_4123255,US,id,camels,,03237500,
GRDC_4123265,US,id,hysets,,03198500,
GRDC_4123270,US,id,hysets,,03184000,
GRDC_4123271,US,id,hysets,,03183500,
GRDC_4123272,US,id,camels,,03182500,
GRDC_4123275,US,id,hysets,,03179000,
GRDC_4123277,US,id,hysets,,03168000,
GRDC_4123278,US,id,camels,,03164000,
GRDC_4123280,US,id,hysets,,03159500,
GRDC_4123290,US,id,hysets,,03114500,
GRDC_4123310,US,id,camels,,03366500,
GRDC_4123320,US,id,hysets,,03109500,
GRDC_4123330,US,id,hysets,,03054500,
GRDC_4123331,US,id,hysets,,03051000,
GRDC_4123335,US,id,hysets,,03065000,
GRDC_4123337,US,id,hysets,,03069000,
GRDC_4123340,US,id,hysets,,03070000,
GRDC_4123341,US,id,camels,,03069500,
GRDC_4123345,US,id,hysets,,03075500,
GRDC_4123347,US,id,hysets,,03079000,
GRDC_4123350,US,id,hysets,,03011020,
GRDC_4123351,US,id,hysets,,03010500,
GRDC_4123357,US,id,hysets,,03032500,
GRDC_4123360,US,id,camels,,03504000,
GRDC_4123365,US,id,hysets,,03512000,
GRDC_4123370,US,id,hysets,,03528000,
GRDC_4123375,US,id,hysets,,03540500,
GRDC_4123380,US,id,hysets,,03451500,
GRDC_4123381,US,id,hysets,,03448000,
GRDC_4123382,US,id,hysets,,03443000,
GRDC_4123385,US,id,hysets,,03465500,
GRDC_4123510,US,id,hysets,,03275000,
GRDC_4123550,US,id,hysets,,03242050,
GRDC_4123810,US,id,hysets,,03213000,
GRDC_4123811,US,id,hysets,,03214000,
GRDC_4125020,US,id,hysets,,07186000,
GRDC_4125065,US,id,hysets,,07163000,
GRDC_4125100,US,id,hysets,,07141200,
GRDC_4125110,US,id,hysets,,07144780,
GRDC_4125210,US,id,hysets,,07249400,
GRDC_4125552,US,id,hysets,,07211500,
GRDC_4125810,US,id,hysets,,07144200,
GRDC_4125910,US,id,camels,,07068000,
GRDC_4125911,US,id,camels,,07067000,
GRDC_4125915,US,id,hysets,,07069500,
GRDC_4125917,US,id,hysets,,07072000,
GRDC_4125918,US,id,camels,,07071500,
GRDC_4125920,US,id,camels,,07056000,
GRDC_4125925,US,id,hysets,,07052500,
GRDC_4125930,US,id,hysets,,07050500,
GRDC_4125940,US,id,hysets,,07074420,
GRDC_4125941,US,id,hysets,,07072500,
GRDC_4125950,US,id,camels,,07066000,
GRDC_4126352,US,id,hysets,,07311900,
GRDC_4126700,US,id,hysets,,07367000,
GRDC_4126702,US,id,hysets,,07364100,
GRDC_4126750,US,id,hysets,,07363500,
GRDC_4126850,US,id,hysets,,07307800,
GRDC_4126851,US,id,hysets,,07308200,
GRDC_4127100,US,id,hysets,,07019000,
GRDC_4127150,US,id,hysets,,07029500,
GRDC_4127400,US,id,hysets,,07026040,
GRDC_4127600,US,id,hysets,,07288500,
GRDC_4127610,US,id,hysets,,07275900,
GRDC_4127700,US,id,hysets,,07290000,
GRDC_4127910,US,id,camels,,07292500,
GRDC_4127920,US,id,camels,,07295000,
GRDC_4131030,US,id,hysets,,01014000,
GRDC_4131031,US,id,hysets,,01010500,
GRDC_4132100,US,id,camels,,04024430,
GRDC_4132300,US,id,camels,,04027000,
GRDC_4132900,US,id,camels,,04045500,
GRDC_4133100,US,id,camels,,04059500,
GRDC_4133260,US,id,hysets,,04079000,
GRDC_4133450,US,id,camels,,04056500,
GRDC_4133500,US,id,hysets,,04101500,
GRDC_4133550,US,id,hysets,,04100500,
GRDC_4133650,US,id,hysets,,04107850,
GRDC_4133651,US,id,hysets,,04105500,
GRDC_4133701,US,id,hysets,,04121500,
GRDC_4133750,US,id,hysets,,04119000,
GRDC_4133800,US,id,camels,,04124000,
GRDC_4134300,US,id,hysets,,04156000,
GRDC_4134350,US,id,hysets,,04154000,
GRDC_4134501,US,id,hysets,,04145000,
GRDC_4134600,US,id,hysets,,04150500,
GRDC_4135100,US,id,hysets,,04176500,
GRDC_4135200,US,id,hysets,,04193500,
GRDC_4135201,US,id,hysets,,04183500,
GRDC_4135210,US,id,hysets,,04198000,
GRDC_4135215,US,id,hysets,,04197000,
GRDC_4135300,US,id,hysets,,04165500,
GRDC_4135500,US,id,hysets,,04212100,
GRDC_4135800,US,id,hysets,,04213500,
GRDC_4136301,US,id,hysets,,04223000,
GRDC_4143500,US,id,hysets,,04269000,
GRDC_4143770,US,id,hysets,,04292500,
GRDC_4143790,US,id,hysets,,04293500,
GRDC_4146050,US,id,hysets,,12213100,
GRDC_4146080,US,id,hysets,,12200500,
GRDC_4146085,US,id,camels,,12189500,
GRDC_4146100,US,id,camels,,11532500,
GRDC_4146120,US,id,camels,,11482500,
GRDC_4146140,US,id,hysets,,11502500,
GRDC_4146141,US,id,hysets,,11493500,
GRDC_4146145,US,id,hysets,,11501000,
GRDC_4146150,US,id,camels,,12035000,
GRDC_4146155,US,id,camels,,12041200,
GRDC_4146160,US,id,hysets,,12031000,
GRDC_4146161,US,id,hysets,,12027500,
GRDC_4146165,US,id,hysets,,12049000,
GRDC_4146175,US,id,hysets,,12039500,
GRDC_4146180,US,id,hysets,,11477000,
GRDC_4146185,US,id,camels,,12040500,
GRDC_4146190,US,id,hysets,,12150800,
GRDC_4146195,US,id,hysets,,12101500,
GRDC_4146200,US,id,camels,,11473900,
GRDC_4146220,US,id,camels,,12141300,
GRDC_4146230,US,id,hysets,,11468000,
GRDC_4146250,US,id,camels,,11451100,
GRDC_4146300,US,id,hysets,,11337500,
GRDC_4146310,US,id,hysets,,11162570,
GRDC_4146320,US,id,camels,,11151300,
GRDC_4146330,US,id,hysets,,11173200,
GRDC_4146340,US,id,hysets,,11169800,
GRDC_4146350,US,id,camels,,11176400,
GRDC_4146370,US,id,camels,,12175500,
GRDC_4146380,US,id,hysets,,11283500,
GRDC_4146390,US,id,hysets,,12044900,
GRDC_4146410,US,id,hysets,,11136800,
GRDC_4146610,US,id,hysets,,11138500,
GRDC_4146630,US,id,camels,,11124500,
GRDC_4146650,US,id,hysets,,14321000,
GRDC_4146700,US,id,hysets,,11114000,
GRDC_4146710,US,id,hysets,,11109250,
GRDC_4146910,US,id,hysets,,11033000,
GRDC_4146920,US,id,hysets,,11046000,
GRDC_4146950,US,id,hysets,,11028500,
GRDC_4147030,US,id,hysets,,01014000,
GRDC_4147031,US,id,hysets,,01010500,
GRDC_4147210,US,id,hysets,,01064500,
GRDC_4147320,US,id,hysets,,02037500,
GRDC_4147330,US,id,hysets,,02035000,
GRDC_4147410,US,id,hysets,,01111500,
GRDC_4147440,US,id,hysets,,01118500,
GRDC_4147470,US,id,camels,,01181000,
GRDC_4147500,US,id,hysets,,01358000,
GRDC_4147510,US,id,hysets,,01371500,
GRDC_4147540,US,id,hysets,,01391500,
GRDC_4147600,US,id,hysets,,01463500,
GRDC_4147700,US,id,hysets,,01570500,
GRDC_4147701,US,id,hysets,,01503000,
GRDC_4147721,US,id,hysets,,01559000,
GRDC_4147810,US,id,camels,,01491000,
GRDC_4147900,US,id,hysets,,01646502,
GRDC_4147901,US,id,hysets,,01613000,
GRDC_4147902,US,id,hysets,,01610000,
GRDC_4147903,US,id,hysets,,01608500,
GRDC_4147904,US,id,hysets,,01646500,
GRDC_4147905,US,id,hysets,,01643000,
GRDC_4147907,US,id,hysets,,01631000,
GRDC_4147950,US,id,hysets,,01668000,
GRDC_4148070,US,id,hysets,,02047000,
GRDC_4148120,US,id,hysets,,02091814,
GRDC_4148210,US,id,hysets,,02102000,
GRDC_4148232,US,id,hysets,,02105769,
GRDC_4148310,US,id,hysets,,02135000,
GRDC_4148325,US,id,hysets,,02126000,
GRDC_4148410,US,id,hysets,,02156500,
GRDC_4148540,US,id,hysets,,02148315,
GRDC_4148570,US,id,hysets,,02175000,
GRDC_4148610,US,id,hysets,,02202500,
GRDC_4148655,US,id,hysets,,02192000,
GRDC_4148720,US,id,hysets,,02226000,
GRDC_4148750,US,id,hysets,,02228000,
GRDC_4149110,US,id,hysets,,02492000,
GRDC_4149121,US,id,hysets,,02488500,
GRDC_4149123,US,id,hysets,,02482000,
GRDC_4149300,US,id,hysets,,02479000,
GRDC_4149301,US,id,hysets,,02479310,
GRDC_4149310,US,id,hysets,,02471001,
GRDC_4149350,US,id,hysets,,02478500,
GRDC_4149355,US,id,hysets,,02475500,
GRDC_4149360,US,id,hysets,,02475000,
GRDC_4149400,US,id,hysets,,02429500,
GRDC_4149401,US,id,hysets,,02428400,
GRDC_4149405,US,id,hysets,,02414500,
GRDC_4149410,US,id,hysets,,02467000,
GRDC_4149413,US,id,hysets,,02469761,
GRDC_4149415,US,id,hysets,,02456500,
GRDC_4149420,US,id,hysets,,02375500,
GRDC_4149421,US,id,hysets,,02376033,
GRDC_4149430,US,id,hysets,,02384500,
GRDC_4149440,US,id,hysets,,02411000,
GRDC_4149610,US,id,hysets,,02359000,
GRDC_4149630,US,id,hysets,,02358000,
GRDC_4149632,US,id,hysets,,02359170,
GRDC_4149681,US,id,hysets,,02349500,
GRDC_4149682,US,id,hysets,,02347500,
GRDC_4149690,US,id,hysets,,02366500,
GRDC_4149691,US,id,hysets,,02365500,
GRDC_4149711,US,id,hysets,,02330150,
GRDC_4149780,US,id,hysets,,02320500,
GRDC_4149781,US,id,hysets,,02323000,
GRDC_4149810,US,id,hysets,,02322500,
GRDC_4149850,US,id,hysets,,02313000,
GRDC_4149851,US,id,hysets,,02313230,
GRDC_4149910,US,id,hysets,,02301500,
GRDC_4149940,US,id,hysets,,07377000,
GRDC_4149941,US,id,hysets,,07378500,
GRDC_4149960,US,id,hysets,,02256500,
GRDC_4149965,US,id,camels,,07376000,
GRDC_4150300,US,id,hysets,,08186500,
GRDC_4150311,US,id,hysets,,08167500,
GRDC_4150320,US,id,camels,,08175000,
GRDC_4150400,US,id,hysets,,08111700,
GRDC_4150410,US,id,camels,,08164000,
GRDC_4150452,US,id,hysets,,08126500,
GRDC_4150461,US,id,hysets,,08150700,
GRDC_4150462,US,id,hysets,,08150000,
GRDC_4150470,US,id,hysets,,08128500,
GRDC_4150585,US,id,hysets,,08205500,
GRDC_4150601,US,id,hysets,,08067000,
GRDC_4150800,US,id,hysets,,08015500,
GRDC_4150850,US,id,hysets,,08012000,
GRDC_4151300,US,id,hysets,,08408500,
GRDC_4151410,US,id,hysets,,08398500,
GRDC_4151421,US,id,camels,,08380500,
GRDC_4152200,US,id,hysets,,09431500,
GRDC_4152201,US,id,camels,,09430500,
GRDC_4152301,US,id,hysets,,09497500,
GRDC_4152400,US,id,hysets,,09508500,
GRDC_4152467,US,id,hysets,,09397300,
GRDC_4152470,US,id,hysets,,09396100,
GRDC_4152500,US,id,hysets,,09470500,
GRDC_4152580,US,id,hysets,,09260000,
GRDC_4152900,US,id,hysets,,09444500,
GRDC_4201010,CA,id,hysets,,10MD001,
GRDC_4203060,CA,id,hysets,,09FC001,
GRDC_4203070,CA,id,hysets,,09FB002,
GRDC_4203152,CA,id,hysets,,09DD003,
GRDC_4203165,CA,id,hysets,,09DD004,
GRDC_4203201,CA,id,hysets,,09ED001,
GRDC_4203210,CA,id,hysets,,09EA003,
GRDC_4203215,CA,id,hysets,,09EA004,
GRDC_4203217,CA,id,hysets,,09EA005,
GRDC_4203220,CA,id,hysets,,09EB003,
GRDC_4203250,CA,id,hysets,,09CD001,
GRDC_4203300,CA,id,hysets,,09CB001,
GRDC_4203335,CA,id,hysets,,09CA004,
GRDC_4203340,CA,id,hysets,,09AH003,
GRDC_4203410,CA,id,hysets,,09AH004,
GRDC_4203425,CA,id,hysets,,09AG003,
GRDC_4203500,CA,id,hysets,,09BC001,
GRDC_4203501,CA,id,hysets,,09BC004,
GRDC_4203510,CA,id,hysets,,09BA001,
GRDC_4203700,CA,id,hysets,,09AB008,
GRDC_4203750,CA,id,hysets,,09AA012,
GRDC_4203755,CA,id,hysets,,09AA010,
GRDC_4203790,CA,id,hysets,,09AE003,
GRDC_4203850,CA,id,hysets,,09AA006,
GRDC_4203857,CA,id,hysets,,09AA007,
GRDC_4203860,CA,id,hysets,,09AA013,
GRDC_4203870,CA,id,hysets,,09AE004,
GRDC_4203910,CA,id,hysets,,09AC001,
GRDC_4203915,CA,id,hysets,,09AC007,
GRDC_4204010,CA,id,hysets,,08CG001,
GRDC_4204100,CA,id,hysets,,08CE001,
GRDC_4204500,CA,id,hysets,,08CG005,
GRDC_4205100,CA,id,hysets,,08AB001,
GRDC_4205130,CA,id,hysets,,08AA009,
GRDC_4205140,CA,id,hysets,,08AA008,
GRDC_4205200,CA,id,hysets,,08AC002,
GRDC_4205210,CA,id,hysets,,08AC001,
GRDC_4206601,CA,id,hysets,,08BB005,
GRDC_4207100,CA,id,hysets,,08JB002,
GRDC_4207130,CA,id,hysets,,08JE004,
GRDC_4207150,CA,id,hysets,,08JE001,
GRDC_4207190,CA,id,hysets,,08KB001,
GRDC_4207200,CA,id,hysets,,08KD006,
GRDC_4207220,CA,id,hysets,,08KC001,
GRDC_4207250,CA,id,hysets,,08KG001,
GRDC_4207300,CA,id,hysets,,08MA001,
GRDC_4207305,CA,id,hysets,,08MB005,
GRDC_4207320,CA,id,hysets,,08KH006,
GRDC_4207321,CA,id,hysets,,08KH001,
GRDC_4207330,CA,id,hysets,,08KE024,
GRDC_4207350,CA,id,hysets,,08KA009,
GRDC_4207380,CA,id,hysets,,08KA007,
GRDC_4207390,CA,id,hysets,,08KA008,
GRDC_4207650,CA,id,hysets,,08LB077,
GRDC_4207710,CA,id,hysets,,08LB076,
GRDC_4207750,CA,id,hysets,,08MG005,
GRDC_4207770,CA,id,hysets,,08MF065,
GRDC_4207800,CA,id,hysets,,08LF051,
GRDC_4207820,CA,id,hysets,,08LB024,
GRDC_4207830,CA,id,hysets,,08LB064,
GRDC_4207850,CA,id,hysets,,08LD001,
GRDC_4207860,CA,id,hysets,,08LE031,
GRDC_4207880,CA,id,hysets,,08LE024,
GRDC_4207910,CA,id,hysets,,08MH001,
GRDC_4207950,CA,id,hysets,,08LG016,
GRDC_4208022,CA,id,hysets,,10MC007,
GRDC_4208030,CA,id,hysets,,10LC003,
GRDC_4208040,CA,id,hysets,,10MC002,
GRDC_4208041,CA,id,hysets,,10MA001,
GRDC_4208043,CA,id,hysets,,10MA003,
GRDC_4208065,CA,id,hysets,,10LA002,
GRDC_4208070,CA,id,hysets,,10LC007,
GRDC_4208090,CA,id,hysets,,07FD009,
GRDC_4208093,CA,id,hysets,,07FD013,
GRDC_4208094,CA,id,hysets,,07FD012,
GRDC_4208095,CA,id,hysets,,07FD008,
GRDC_4208096,CA,id,hysets,,07FD011,
GRDC_4208110,CA,id,hysets,,10KB001,
GRDC_4208126,CA,id,hysets,,07FD908,
GRDC_4208130,CA,id,hysets,,07HC001,
GRDC_4208132,CA,id,hysets,,07HC002,
GRDC_4208133,CA,id,hysets,,07HC907,
GRDC_4208140,CA,id,hysets,,07JF002,
GRDC_4208145,CA,id,hysets,,07JF003,
GRDC_4208147,CA,id,hysets,,07HF002,
GRDC_4208156,CA,id,hysets,,10KA007,
GRDC_4208158,CA,id,hysets,,10KA006,
GRDC_4208160,CA,id,hysets,,10JC003,
GRDC_4208168,CA,id,hysets,,10JA002,
GRDC_4208200,CA,id,hysets,,10GA001,
GRDC_4208221,CA,id,hysets,,10EB001,
GRDC_4208225,CA,id,hysets,,10EA003,
GRDC_4208227,CA,id,hysets,,10EA002,
GRDC_4208230,CA,id,hysets,,10ED003,
GRDC_4208237,CA,id,hysets,,10EC002,
GRDC_4208247,CA,id,hysets,,10BE011,
GRDC_4208250,CA,id,hysets,,10AC003,
GRDC_4208265,CA,id,hysets,,10AC004,
GRDC_4208267,CA,id,hysets,,10AC005,
GRDC_4208270,CA,id,hysets,,10BE001,
GRDC_4208271,CA,id,hysets,,10ED002,
GRDC_4208275,CA,id,hysets,,10AA001,
GRDC_4208280,CA,id,hysets,,10ED001,
GRDC_4208288,CA,id,hysets,,10BE009,
GRDC_4208289,CA,id,hysets,,10BE007,
GRDC_4208290,CA,id,hysets,,10AB001,
GRDC_4208295,CA,id,hysets,,10AA004,
GRDC_4208297,CA,id,hysets,,10AA005,
GRDC_4208298,CA,id,hysets,,10AA002,
GRDC_4208307,CA,id,hysets,,10CD004,
GRDC_4208308,CA,id,hysets,,10CD005,
GRDC_4208311,CA,id,hysets,,10HB005,
GRDC_4208315,CA,id,hysets,,10HB004,
GRDC_4208316,CA,id,hysets,,10HA002,
GRDC_4208317,CA,id,hysets,,10HB003,
GRDC_4208325,CA,id,hysets,,10BE004,
GRDC_4208333,CA,id,hysets,,10FB005,
GRDC_4208335,CA,id,hysets,,10FA002,
GRDC_4208345,CA,id,hysets,,10GC003,
GRDC_4208350,CA,id,hysets,,07TA001,
GRDC_4208357,CA,id,hysets,,07SA002,
GRDC_4208360,CA,id,hysets,,10CD001,
GRDC_4208376,CA,id,hysets,,07SB010,
GRDC_4208379,CA,id,hysets,,07SB013,
GRDC_4208383,CA,id,hysets,,10CD003,
GRDC_4208386,CA,id,hysets,,10GB006,
GRDC_4208389,CA,id,hysets,,10GB005,
GRDC_4208395,CA,id,hysets,,07SC002,
GRDC_4208397,CA,id,hysets,,10CA001,
GRDC_4208399,CA,id,hysets,,10CB001,
GRDC_4208410,CA,id,hysets,,07RD001,
GRDC_4208422,CA,id,hysets,,07QD004,
GRDC_4208431,CA,id,hysets,,07QC006,
GRDC_4208433,CA,id,hysets,,07QC005,
GRDC_4208440,CA,id,hysets,,07OB001,
GRDC_4208441,CA,id,hysets,,07OB003,
GRDC_4208445,CA,id,hysets,,07OB004,
GRDC_4208448,CA,id,hysets,,07OB006,
GRDC_4208460,CA,id,hysets,,07GH004,
GRDC_4208461,CA,id,hysets,,07OC001,
GRDC_4208465,CA,id,hysets,,07OA001,
GRDC_4208469,CA,id,hysets,,07GA002,
GRDC_4208480,CA,id,hysets,,07FA005,
GRDC_4208485,CA,id,hysets,,07EB002,
GRDC_4208487,CA,id,hysets,,07EA007,
GRDC_4208491,CA,id,hysets,,07EA005,
GRDC_4208507,CA,id,hysets,,07EC004,
GRDC_4208510,CA,id,hysets,,07EA004,
GRDC_4208515,CA,id,hysets,,07ED003,
GRDC_4208520,CA,id,hysets,,07EE010,
GRDC_4208527,CA,id,hysets,,07EE009,
GRDC_4208530,CA,id,hysets,,07FC003,
GRDC_4208536,CA,id,hysets,,07FB008,
GRDC_4208540,CA,id,hysets,,07FB002,
GRDC_4208541,CA,id,hysets,,07FB006,
GRDC_4208544,CA,id,hysets,,07FB009,
GRDC_4208545,CA,id,hysets,,07FB003,
GRDC_4208547,CA,id,hysets,,07FB004,
GRDC_4208561,CA,id,hysets,,07FA006,
GRDC_4208562,CA,id,hysets,,07FA003,
GRDC_4208565,CA,id,hysets,,07FC001,
GRDC_4208570,CA,id,hysets,,07FB001,
GRDC_4208571,CA,id,hysets,,07FB010,
GRDC_4208575,CA,id,hysets,,07FD004,
GRDC_4208578,CA,id,hysets,,07FC006,
GRDC_4208580,CA,id,hysets,,07FD001,
GRDC_4208585,CA,id,hysets,,07FD007,
GRDC_4208588,CA,id,hysets,,07FD006,
GRDC_4208590,CA,id,hysets,,07EE007,
GRDC_4208596,CA,id,hysets,,07GE001,
GRDC_4208610,CA,id,hysets,,07HA005,
GRDC_4208622,CA,id,hysets,,07FD910,
GRDC_4208626,CA,id,hysets,,07GE007,
GRDC_4208627,CA,id,hysets,,07GE003,
GRDC_4208637,CA,id,hysets,,07GB001,
GRDC_4208638,CA,id,hysets,,07GC002,
GRDC_4208640,CA,id,hysets,,07GJ001,
GRDC_4208641,CA,id,hysets,,07GA001,
GRDC_4208645,CA,id,hysets,,07GH002,
GRDC_4208647,CA,id,hysets,,07GG002,
GRDC_4208648,CA,id,hysets,,07GG003,
GRDC_4208649,CA,id,hysets,,07GF001,
GRDC_4208650,CA,id,hysets,,07HA003,
GRDC_4208655,CA,id,hysets,,07GD003,
GRDC_4208657,CA,id,hysets,,07GD001,
GRDC_4208658,CA,id,hysets,,07GD002,
GRDC_4208660,CA,id,hysets,,07GF002,
GRDC_4208666,CA,id,hysets,,07GF008,
GRDC_4208675,CA,id,hysets,,07AC008,
GRDC_4208676,CA,id,hysets,,07AC001,
GRDC_4208680,CA,id,hysets,,07AF003,
GRDC_4208683,CA,id,hysets,,07AF015,
GRDC_4208684,CA,id,hysets,,07AF906,
GRDC_4208700,CA,id,hysets,,07AF014,
GRDC_4208703,CA,id,hysets,,07BA003,
GRDC_4208704,CA,id,hysets,,07AF010,
GRDC_4208715,CA,id,hysets,,07AC007,
GRDC_4208720,CA,id,hysets,,07DA006,
GRDC_4208727,CA,id,hysets,,07BB011,
GRDC_4208728,CA,id,hysets,,07BB005,
GRDC_4208730,CA,id,hysets,,07DA001,
GRDC_4208733,CA,id,hysets,,07AE001,
GRDC_4208734,CA,id,hysets,,07AD002,
GRDC_4208740,CA,id,hysets,,07CD004,
GRDC_4208745,CA,id,hysets,,07BB009,
GRDC_4208747,CA,id,hysets,,07BB014,
GRDC_4208750,CA,id,hysets,,07AH003,
GRDC_4208752,CA,id,hysets,,07AH002,
GRDC_4208755,CA,id,hysets,,07AH001,
GRDC_4208757,CA,id,hysets,,07AG008,
GRDC_4208760,CA,id,hysets,,07BC007,
GRDC_4208763,CA,id,hysets,,07BC006,
GRDC_4208765,CA,id,hysets,,07BE004,
GRDC_4208770,CA,id,hysets,,07BJ001,
GRDC_4208771,CA,id,hysets,,07BJ003,
GRDC_4208773,CA,id,hysets,,07BJ004,
GRDC_4208775,CA,id,hysets,,07BH003,
GRDC_4208777,CA,id,hysets,,07BG004,
GRDC_4208778,CA,id,hysets,,07BF009,
GRDC_4208780,CA,id,hysets,,07BF002,
GRDC_4208781,CA,id,hysets,,07BF001,
GRDC_4208793,CA,id,hysets,,07BK001,
GRDC_4208797,CA,id,hysets,,07BK005,
GRDC_4208798,CA,id,hysets,,07BK007,
GRDC_4208799,CA,id,hysets,,07BK009,
GRDC_4208810,CA,id,hysets,,07GG001,
GRDC_4208821,CA,id,hysets,,07JD002,
GRDC_4208825,CA,id,hysets,,07JA003,
GRDC_4208826,CA,id,hysets,,07JD003,
GRDC_4208827,CA,id,hysets,,07JD004,
GRDC_4208830,CA,id,hysets,,07HB001,
GRDC_4208833,CA,id,hysets,,07JC002,
GRDC_4208834,CA,id,hysets,,07JC001,
GRDC_4208835,CA,id,hysets,,07KE001,
GRDC_4208843,CA,id,hysets,,07DD002,
GRDC_4208850,CA,id,hysets,,07CA005,
GRDC_4208853,CA,id,hysets,,07CA003,
GRDC_4208854,CA,id,hysets,,07CA008,
GRDC_4208857,CA,id,hysets,,07CA006,
GRDC_4208858,CA,id,hysets,,07CA013,
GRDC_4208861,CA,id,hysets,,07CA012,
GRDC_4208862,CA,id,hysets,,07CB002,
GRDC_4208863,CA,id,hysets,,07CE006,
GRDC_4208864,CA,id,hysets,,07CE005,
GRDC_4208865,CA,id,hysets,,07CE002,
GRDC_4208867,CA,id,hysets,,07CE003,
GRDC_4208870,CA,id,hysets,,07BE001,
GRDC_4208871,CA,id,hysets,,07DD001,
GRDC_4208880,CA,id,hysets,,07CD001,
GRDC_4208881,CA,id,hysets,,07CD005,
GRDC_4208883,CA,id,hysets,,07CD007,
GRDC_4208887,CA,id,hysets,,07DA018,
GRDC_4208889,CA,id,hysets,,07DA008,
GRDC_4208890,CA,id,hysets,,07DB001,
GRDC_4208891,CA,id,hysets,,07DB005,
GRDC_4208894,CA,id,hysets,,07DA016,
GRDC_4208910,CA,id,hysets,,07AB002,
GRDC_4208915,CA,id,hysets,,07DA011,
GRDC_4208920,CA,id,hysets,,07AA002,
GRDC_4208921,CA,id,hysets,,07AA001,
GRDC_4208925,CA,id,hysets,,07AA009,
GRDC_4208926,CA,id,hysets,,07AA007,
GRDC_4208940,CA,id,hysets,,07AF002,
GRDC_4208941,CA,id,hysets,,07AG007,
GRDC_4208945,CA,id,hysets,,07EE011,
GRDC_4208946,CA,id,hysets,,07AF013,
GRDC_4208947,CA,id,hysets,,07AG004,
GRDC_4208950,CA,id,hysets,,07AG003,
GRDC_4208955,CA,id,hysets,,07BB003,
GRDC_4208960,CA,id,hysets,,07BB002,
GRDC_4208962,CA,id,hysets,,07BC002,
GRDC_4208963,CA,id,hysets,,07BA001,
GRDC_4208964,CA,id,hysets,,07BA002,
GRDC_4208971,CA,id,hysets,,07LE002,
GRDC_4208978,CA,id,hysets,,07LB002,
GRDC_4208983,CA,id,hysets,,07MA003,
GRDC_4208987,CA,id,hysets,,07MB001,
GRDC_4209100,CA,id,hysets,,10ND002,
GRDC_4209111,CA,id,hysets,,10ND004,
GRDC_4209150,CA,id,hysets,,10NC001,
GRDC_4209401,CA,id,hysets,,10PC004,
GRDC_4209500,CA,id,hysets,,10QA001,
GRDC_4209580,CA,id,hysets,,10QC002,
GRDC_4209600,CA,id,hysets,,10QD001,
GRDC_4209805,CA,id,hysets,,10RC001,
GRDC_4209810,CA,id,hysets,,10RA002,
GRDC_4210450,CA,id,hysets,,10TA001,
GRDC_4210650,CA,id,hysets,,10TF001,
GRDC_4211310,CA,id,hysets,,10VC001,
GRDC_4211315,CA,id,hysets,,10VC002,
GRDC_4212700,CA,id,hysets,,10UH001,
GRDC_4213025,CA,id,hysets,,05UG001,
GRDC_4213030,CA,id,hysets,,05DA009,
GRDC_4213040,CA,id,hysets,,05BA001,
GRDC_4213045,CA,id,hysets,,05BB001,
GRDC_4213050,CA,id,hysets,,05DB002,
GRDC_4213051,CA,id,hysets,,05DB005,
GRDC_4213060,CA,id,hysets,,05DB006,
GRDC_4213070,CA,id,hysets,,05BJ004,
GRDC_4213080,CA,id,hysets,,05BL022,
GRDC_4213095,CA,id,hysets,,05AA022,
GRDC_4213100,CA,id,hysets,,05AA023,
GRDC_4213105,CA,id,hysets,,05AD003,
GRDC_4213130,CA,id,hysets,,05BL019,
GRDC_4213150,CA,id,hysets,,05CB001,
GRDC_4213160,CA,id,hysets,,05CC001,
GRDC_4213170,CA,id,hysets,,05EA005,
GRDC_4213171,CA,id,hysets,,05QA004,
GRDC_4213172,CA,id,hysets,,05QE009,
GRDC_4213173,CA,id,hysets,,05EA001,
GRDC_4213180,CA,id,hysets,,05FA001,
GRDC_4213184,CA,id,hysets,,05FA011,
GRDC_4213209,CA,id,hysets,,05KC001,
GRDC_4213220,CA,id,hysets,,05GA012,
GRDC_4213221,CA,id,hysets,,05GA008,
GRDC_4213230,CA,id,hysets,,05EE009,
GRDC_4213265,CA,id,hysets,,05LE004,
GRDC_4213275,CA,id,hysets,,05NF002,
GRDC_4213310,CA,id,hysets,,05ED002,
GRDC_4213315,CA,id,hysets,,05DC012,
GRDC_4213320,CA,id,hysets,,05FF003,
GRDC_4213330,CA,id,hysets,,05CA011,
GRDC_4213340,CA,id,hysets,,05HD036,
GRDC_4213345,CA,id,hysets,,05DF003,
GRDC_4213350,CA,id,hysets,,05JB004,
GRDC_4213355,CA,id,hysets,,05RB003,
GRDC_4213360,CA,id,hysets,,05JC004,
GRDC_4213370,CA,id,hysets,,05JA003,
GRDC_4213390,CA,id,hysets,,05DD004,
GRDC_4213395,CA,id,hysets,,05FE002,
GRDC_4213420,CA,id,hysets,,05JH005,
GRDC_4213425,CA,id,hysets,,05JM010,
GRDC_4213430,CA,id,hysets,,05MH007,
GRDC_4213435,CA,id,hysets,,05SD003,
GRDC_4213450,CA,id,hysets,,05HG021,
GRDC_4213455,CA,id,hysets,,05FB002,
GRDC_4213460,CA,id,hysets,,05GG010,
GRDC_4213500,CA,id,hysets,,05MA022,
GRDC_4213510,CA,id,hysets,,05KH007,
GRDC_4213511,CA,id,hysets,,05KB003,
GRDC_4213530,CA,id,hysets,,05LE008,
GRDC_4213531,CA,id,hysets,,05LE006,
GRDC_4213540,CA,id,hysets,,05MD005,
GRDC_4213557,CA,id,hysets,,05MF001,
GRDC_4213560,CA,id,hysets,,05LC004,
GRDC_4213561,CA,id,hysets,,05CA004,
GRDC_4213564,CA,id,hysets,,05CA009,
GRDC_4213566,CA,id,hysets,,05LC001,
GRDC_4213572,CA,id,hysets,,05MC001,
GRDC_4213580,CA,id,hysets,,05MF008,
GRDC_4213601,CA,id,hysets,,05TD001,
GRDC_4213603,CA,id,hysets,,05LH005,
GRDC_4213605,CA,id,hysets,,05OA007,
GRDC_4213610,CA,id,hysets,,05LL014,
GRDC_4213635,CA,id,hysets,,05MA021,
GRDC_4213640,CA,id,hysets,,05DA007,
GRDC_4213660,CA,id,hysets,,05EF004,
GRDC_4213700,CA,id,hysets,,05TG002,
GRDC_4213715,CA,id,hysets,,05UF004,
GRDC_4213730,CA,id,hysets,,05UA003,
GRDC_4213765,CA,id,hysets,,05DD009,
GRDC_4213770,CA,id,hysets,,05SA002,
GRDC_4213780,CA,id,hysets,,05PH003,
GRDC_4213790,CA,id,hysets,,05OE004,
GRDC_4213810,CA,id,hysets,,05TG003,
GRDC_4213815,CA,id,hysets,,05LD001,
GRDC_4213825,CA,id,hysets,,05EB902,
GRDC_4213835,CA,id,hysets,,05DC006,
GRDC_4213840,CA,id,hysets,,05UH002,
GRDC_4213845,CA,id,hysets,,05UH001,
GRDC_4213850,CA,id,hysets,,05QE008,
GRDC_4213860,CA,id,hysets,,05EC005,
GRDC_4213865,CA,id,hysets,,05CE011,
GRDC_4213875,CA,id,hysets,,05DE007,
GRDC_4213880,CA,id,hysets,,05PB014,
GRDC_4213890,CA,id,hysets,,05PA006,
GRDC_4213910,CA,id,hysets,,05QA002,
GRDC_4213920,CA,id,hysets,,05DA010,
GRDC_4213930,CA,id,hysets,,05DF004,
GRDC_4213940,CA,id,hysets,,05AB005,
GRDC_4213945,CA,id,hysets,,05QC003,
GRDC_4213960,CA,id,hysets,,05EC002,
GRDC_4213970,CA,id,hysets,,05FA024,
GRDC_4214005,CA,id,hysets,,06OA007,
GRDC_4214010,CA,id,hysets,,06KC003,
GRDC_4214025,CA,id,hysets,,04AB001,
GRDC_4214050,CA,id,hysets,,06JC002,
GRDC_4214051,CA,id,hysets,,06MA006,
GRDC_4214070,CA,id,hysets,,06HB002,
GRDC_4214090,CA,id,hysets,,06LC001,
GRDC_4214091,CA,id,hysets,,06LA001,
GRDC_4214105,CA,id,hysets,,06GD001,
GRDC_4214200,CA,id,hysets,,06AB002,
GRDC_4214210,CA,id,hysets,,06AD006,
GRDC_4214220,CA,id,hysets,,06AD010,
GRDC_4214264,CA,id,hysets,,06CD002,
GRDC_4214265,CA,id,hysets,,06BB003,
GRDC_4214275,CA,id,hysets,,06FC001,
GRDC_4214280,CA,id,hysets,,06FB002,
GRDC_4214281,CA,id,hysets,,06DA002,
GRDC_4214286,CA,id,hysets,,06DA004,
GRDC_4214287,CA,id,hysets,,06DC001,
GRDC_4214290,CA,id,hysets,,06BD001,
GRDC_4214295,CA,id,hysets,,06BA002,
GRDC_4214297,CA,id,hysets,,06BB005,
GRDC_4214298,CA,id,hysets,,06AG002,
GRDC_4214300,CA,id,hysets,,06AG001,
GRDC_4214301,CA,id,hysets,,06AD001,
GRDC_4214305,CA,id,hysets,,06AB001,
GRDC_4214310,CA,id,hysets,,04AA004,
GRDC_4214320,CA,id,hysets,,06FD002,
GRDC_4214351,CA,id,hysets,,04AD002,
GRDC_4214410,CA,id,hysets,,04GB005,
GRDC_4214500,CA,id,hysets,,04JC002,
GRDC_4214505,CA,id,hysets,,04JD005,
GRDC_4214530,CA,id,hysets,,04LJ001,
GRDC_4214580,CA,id,hysets,,04JF001,
GRDC_4215010,CA,id,hysets,,08NL071,
GRDC_4215011,CA,id,hysets,,08NL024,
GRDC_4215040,CA,id,hysets,,08NL004,
GRDC_4215050,CA,id,hysets,,08NL038,
GRDC_4215051,CA,id,hysets,,08NL007,
GRDC_4215070,CA,id,hysets,,08NM174,
GRDC_4215090,CA,id,hysets,,08NM171,
GRDC_4215125,CA,id,hysets,,08NN002,
GRDC_4215130,CA,id,hysets,,08NN019,
GRDC_4215150,CA,id,hysets,,08NE077,
GRDC_4215160,CA,id,hysets,,08NE006,
GRDC_4215165,CA,id,hysets,,08NE008,
GRDC_4215180,CA,id,hysets,,08NN012,
GRDC_4215230,CA,id,hysets,,08NE074,
GRDC_4215250,CA,id,hysets,,08NJ160,
GRDC_4215260,CA,id,hysets,,08NJ013,
GRDC_4215270,CA,id,hysets,,08NH005,
GRDC_4215300,CA,id,hysets,,08NH032,
GRDC_4215335,CA,id,hysets,,08NJ026,
GRDC_4215340,CA,id,hysets,,08NH006,
GRDC_4215350,CA,id,hysets,,08NH130,
GRDC_4215430,CA,id,hysets,,08NH007,
GRDC_4215450,CA,id,hysets,,08NG077,
GRDC_4215460,CA,id,hysets,,08NG046,
GRDC_4215610,CA,id,hysets,,08NC004,
GRDC_4215650,CA,id,hysets,,08NB014,
GRDC_4215660,CA,id,hysets,,08NB005,
GRDC_4215670,CA,id,hysets,,08NA006,
GRDC_4215690,CA,id,hysets,,08NG051,
GRDC_4215706,CA,id,hysets,,08NG065,
GRDC_4215710,CA,id,hysets,,08NK002,
GRDC_4215750,CA,id,hysets,,08NF001,
GRDC_4215900,CA,id,hysets,,08NP001,
GRDC_4220100,CA,id,hysets,,11AE009,
GRDC_4220210,CA,id,hysets,,11AC025,
GRDC_4220410,CA,id,hysets,,11AB075,
GRDC_4231200,CA,id,hysets,,01AD002,
GRDC_4231250,CA,id,hysets,,01AD003,
GRDC_4231590,CA,id,hysets,,01AK001,
GRDC_4231650,CA,id,hysets,,01AL002,
GRDC_4231680,CA,id,hysets,,01AM001,
GRDC_4231800,CA,id,hysets,,01AP002,
GRDC_4232010,CA,id,hysets,,02AA001,
GRDC_4232030,CA,id,hysets,,02AB008,
GRDC_4232300,CA,id,hysets,,02AE001,
GRDC_4232600,CA,id,hysets,,02AC002,
GRDC_4232700,CA,id,hysets,,02BB003,
GRDC_4232900,CA,id,hysets,,02BF002,
GRDC_4234500,CA,id,hysets,,02DD013,
GRDC_4234550,CA,id,hysets,,02EA005,
GRDC_4234600,CA,id,hysets,,02EC002,
GRDC_4234650,CA,id,hysets,,02ED003,
GRDC_4234670,CA,id,hysets,,02FB007,
GRDC_4234720,CA,id,hysets,,02FC011,
GRDC_4234850,CA,id,hysets,,02FF007,
GRDC_4235190,CA,id,hysets,,02GG002,
GRDC_4235191,CA,id,hysets,,02GG003,
GRDC_4235200,CA,id,hysets,,02GG005,
GRDC_4235400,CA,id,hysets,,02GC010,
GRDC_4235490,CA,id,hysets,,02GA018,
GRDC_4235500,CA,id,hysets,,02GA010,
GRDC_4236050,CA,id,hysets,,02HA006,
GRDC_4236100,CA,id,hysets,,02HB004,
GRDC_4236300,CA,id,hysets,,02HC009,
GRDC_4236500,CA,id,hysets,,02HD009,
GRDC_4243141,CA,id,hysets,,02LD005,
GRDC_4243160,CA,id,hysets,,02MC001,
GRDC_4243220,CA,id,hysets,,02OA057,
GRDC_4243250,CA,id,hysets,,02OG026,
GRDC_4243280,CA,id,hysets,,02OE027,
GRDC_4243310,CA,id,hysets,,02NE011,
GRDC_4243320,CA,id,hysets,,02PJ007,
GRDC_4243340,CA,id,hysets,,02PL005,
GRDC_4244420,CA,id,hysets,,02RC011,
GRDC_4244440,CA,id,hysets,,02RH049,
GRDC_4244520,CA,id,hysets,,02QA002,
GRDC_4244550,CA,id,hysets,,03QC002,
GRDC_4244610,CA,id,hysets,,02XA003,
GRDC_4244710,CA,id,hysets,,02YA001,
GRDC_4244720,CA,id,hysets,,02YC001,
GRDC_4244730,CA,id,hysets,,02YL001,
GRDC_4244740,CA,id,hysets,,02YM001,
GRDC_4244750,CA,id,hysets,,02YK002,
GRDC_4244770,CA,id,hysets,,02YQ001,
GRDC_4244780,CA,id,hysets,,02ZF001,
GRDC_4244785,CA,id,hysets,,02ZG001,
GRDC_4244788,CA,id,hysets,,02ZH001,
GRDC_4244792,CA,id,hysets,,02ZM006,
GRDC_4244795,CA,id,hysets,,02ZK001,
GRDC_4244800,CA,id,hysets,,02WD001,
GRDC_4244830,CA,id,hysets,,01BF001,
GRDC_4244840,CA,id,hysets,,01BE001,
GRDC_4244850,CA,id,hysets,,01BC001,
GRDC_4244860,CA,id,hysets,,01BJ001,
GRDC_4244870,CA,id,hysets,,01BP001,
GRDC_4244880,CA,id,hysets,,01BO001,
GRDC_4244910,CA,id,hysets,,01FB003,
GRDC_4244915,CA,id,hysets,,01FB001,
GRDC_4244930,CA,id,hysets,,01DN004,
GRDC_4244960,CA,id,hysets,,01EO001,
GRDC_4244970,CA,id,hysets,,01DG003,
GRDC_4244980,CA,id,hysets,,01EG002,
GRDC_4244985,CA,id,hysets,,01EF001,
GRDC_4244995,CA,id,hysets,,01EC001,
GRDC_4245100,CA,id,hysets,,08DB001,
GRDC_4245210,CA,id,hysets,,08EG012,
GRDC_4245250,CA,id,hysets,,08EF001,
GRDC_4245280,CA,id,hysets,,08EE020,
GRDC_4245300,CA,id,hysets,,08OA002,
GRDC_4245550,CA,id,hysets,,08FA002,
GRDC_4245650,CA,id,hysets,,08GD004,
GRDC_4245820,CA,id,hysets,,08HF004,
GRDC_4245840,CA,id,hysets,,08HC002,
GRDC_4245880,CA,id,hysets,,08HA010,
GRDC_4245890,CA,id,hysets,,08HA003,
GRDC_4247700,CA,id,hysets,,01AQ001,
GRDC_5101040,AU,id,camelsaus,,104001A,
GRDC_5101070,AU,id,camelsaus,,105101A,
GRDC_5101075,AU,id,camelsaus,,105105A,
GRDC_5101080,AU,id,camelsaus,,108002A,
GRDC_5101090,AU,id,camelsaus,,108003A,
GRDC_5101109,AU,id,camelsaus,,111005A,
GRDC_5101110,AU,id,camelsaus,,111007A,
GRDC_5101112,AU,id,camelsaus,,112102A,
GRDC_5101113,AU,id,camelsaus,,112002A,
GRDC_5101118,AU,id,camelsaus,,112101B,
GRDC_5101120,AU,id,camelsaus,,113004A,
GRDC_5101121,AU,id,camelsaus,,116011A,
GRDC_5101123,AU,id,camelsaus,,116015A,
GRDC_5101124,AU,id,camelsaus,,116013A,
GRDC_5101125,AU,id,camelsaus,,116014A,
GRDC_5101163,AU,id,camelsaus,,116006B,
GRDC_5101164,AU,id,camelsaus,,114001A,
GRDC_5101165,AU,id,camelsaus,,116010A,
GRDC_5101170,AU,id,camelsaus,,117002A,
GRDC_5101180,AU,id,camelsaus,,118106A,
GRDC_5101181,AU,id,camelsaus,,120304A,
GRDC_5101182,AU,id,camelsaus,,120301B,
GRDC_5101183,AU,id,camelsaus,,120102A,
GRDC_5101185,AU,id,camelsaus,,117003A,
GRDC_5101191,AU,id,camelsaus,,119003A,
GRDC_5101204,AU,id,camelsaus,,121002A,
GRDC_5101206,AU,id,camelsaus,,121003A,
GRDC_5101207,AU,id,camelsaus,,122004A,
GRDC_5101209,AU,id,camelsaus,,124002A,
GRDC_5101260,AU,id,camelsaus,,125005A,
GRDC_5101285,AU,id,camelsaus,,130302A,
GRDC_5101286,AU,id,camelsaus,,130413A,
GRDC_5101287,AU,id,camelsaus,,130410A,
GRDC_5101288,AU,id,camelsaus,,130403A,
GRDC_5101289,AU,id,camelsaus,,126003A,
GRDC_5101290,AU,id,camelsaus,,129001A,
GRDC_5101291,AU,id,camelsaus,,130004A,
GRDC_5101305,AU,id,camelsaus,,130324A,
GRDC_5101310,AU,id,camelsaus,,140002A,
GRDC_5101320,AU,id,camelsaus,,132001A,
GRDC_5101395,AU,id,camelsaus,,138009A,
GRDC_5101396,AU,id,camelsaus,,143007A,
GRDC_5101397,AU,id,camelsaus,,143009A,
GRDC_5101400,AU,id,camelsaus,,143303A,
GRDC_5101405,AU,id,camelsaus,,141008A,
GRDC_5101410,AU,id,camelsaus,,135002A,
GRDC_5101411,AU,id,camelsaus,,135004A,
GRDC_5101412,AU,id,camelsaus,,136006A,
GRDC_5101413,AU,id,camelsaus,,136202D,
GRDC_5101414,AU,id,camelsaus,,136203A,
GRDC_5101415,AU,id,camelsaus,,136208A,
GRDC_5101416,AU,id,camelsaus,,136304A,
GRDC_5101430,AU,id,camelsaus,,143107A,
GRDC_5101440,AU,id,camelsaus,,145107A,
GRDC_5101451,AU,id,camelsaus,,145101D,
GRDC_5101452,AU,id,camelsaus,,145102B,
GRDC_5101453,AU,id,camelsaus,,146010A,
GRDC_5101455,AU,id,camelsaus,,145010A,
GRDC_5101456,AU,id,camelsaus,,145011A,
GRDC_5101457,AU,id,camelsaus,,145018A,
GRDC_5101460,AU,id,camelsaus,,146095A,
GRDC_5101465,AU,id,camelsaus,,146012A,
GRDC_5101471,AU,id,camelsaus,,137101A,
GRDC_5101472,AU,id,camelsaus,,137201A,
GRDC_5101480,AU,id,camelsaus,,146014A,
GRDC_5101486,AU,id,camelsaus,,138110A,
GRDC_5101487,AU,id,camelsaus,,138903A,
GRDC_5101505,AU,id,camelsaus,,143110A,
GRDC_5101506,AU,id,camelsaus,,143209B,
GRDC_5104220,AU,id,camelsaus,,422202B,
GRDC_5104228,AU,id,camelsaus,,422338A,
GRDC_5104245,AU,id,camelsaus,,424201A,
GRDC_5104300,AU,id,camelsaus,,422306A,
GRDC_5104310,AU,id,camelsaus,,422313B,
GRDC_5104320,AU,id,camelsaus,,422321B,
GRDC_5104330,AU,id,camelsaus,,422394A,
GRDC_5104340,AU,id,camelsaus,,422319B,
GRDC_5104350,AU,id,camelsaus,,422334A,
GRDC_5109110,AU,id,camelsaus,,912101A,
GRDC_5109152,AU,id,camelsaus,,915206A,
GRDC_5109175,AU,id,camelsaus,,917107A,
GRDC_5109203,AU,id,camelsaus,,919003A,
GRDC_5109204,AU,id,camelsaus,,919309A,
GRDC_5109205,AU,id,camelsaus,,919201A,
GRDC_5109206,AU,id,camelsaus,,919005A,
GRDC_5109251,AU,id,camelsaus,,925001A,
GRDC_5109260,AU,id,camelsaus,,926002A,
GRDC_5109270,AU,id,camelsaus,,922101B,
GRDC_5110020,AU,id,camelsaus,,003303A,
GRDC_5110400,AU,id,camelsaus,,A0020101,
GRDC_5201010,AU,id,camelsaus,,201001,
GRDC_5202012,AU,id,camelsaus,,204039,
GRDC_5202015,AU,id,camelsaus,,203005,
GRDC_5202033,AU,id,camelsaus,,203010,
GRDC_5202037,AU,id,camelsaus,,204051,
GRDC_5202038,AU,id,camelsaus,,204046,
GRDC_5202039,AU,id,camelsaus,,203030,
GRDC_5202041,AU,id,camelsaus,,204025,
GRDC_5202042,AU,id,camelsaus,,204906,
GRDC_5202043,AU,id,camelsaus,,204002,
GRDC_5202044,AU,id,camelsaus,,204007,
GRDC_5202046,AU,id,camelsaus,,204036,
GRDC_5202047,AU,id,camelsaus,,204037,
GRDC_5202048,AU,id,camelsaus,,204017,
GRDC_5202049,AU,id,camelsaus,,204041,
GRDC_5202051,AU,id,camelsaus,,204056,
GRDC_5202056,AU,id,camelsaus,,204014,
GRDC_5202057,AU,id,camelsaus,,204034,
GRDC_5202060,AU,id,camelsaus,,206009,
GRDC_5202061,AU,id,camelsaus,,204030,
GRDC_5202062,AU,id,camelsaus,,206014,
GRDC_5202063,AU,id,camelsaus,,206018,
GRDC_5202064,AU,id,camelsaus,,206025,
GRDC_5202072,AU,id,camelsaus,,207015,
GRDC_5202073,AU,id,camelsaus,,207014,
GRDC_5202074,AU,id,camelsaus,,207013,
GRDC_5202075,AU,id,camelsaus,,207004,
GRDC_5202080,AU,id,camelsaus,,208004,
GRDC_5202081,AU,id,camelsaus,,208003,
GRDC_5202082,AU,id,camelsaus,,208005,
GRDC_5202083,AU,id,camelsaus,,208011,
GRDC_5202084,AU,id,camelsaus,,208015,
GRDC_5202085,AU,id,camelsaus,,208009,
GRDC_5202086,AU,id,camelsaus,,208007,
GRDC_5202087,AU,id,camelsaus,,208026,
GRDC_5202088,AU,id,camelsaus,,208024,
GRDC_5202090,AU,id,camelsaus,,209002,
GRDC_5202095,AU,id,camelsaus,,209003,
GRDC_5202104,AU,id,camelsaus,,210017,
GRDC_5202105,AU,id,camelsaus,,210006,
GRDC_5202106,AU,id,camelsaus,,210022,
GRDC_5202107,AU,id,camelsaus,,210011,
GRDC_5202108,AU,id,camelsaus,,210014,
GRDC_5202109,AU,id,camelsaus,,210016,
GRDC_5202111,AU,id,camelsaus,,210031,
GRDC_5202112,AU,id,camelsaus,,210040,
GRDC_5202113,AU,id,camelsaus,,210052,
GRDC_5202114,AU,id,camelsaus,,211009,
GRDC_5202115,AU,id,camelsaus,,211008,
GRDC_5202116,AU,id,camelsaus,,211013,
GRDC_5202117,AU,id,camelsaus,,211014,
GRDC_5202140,AU,id,camelsaus,,212209,
GRDC_5202141,AU,id,camelsaus,,216009,
GRDC_5202145,AU,id,camelsaus,,212260,
GRDC_5202150,AU,id,camelsaus,,215002,
GRDC_5202153,AU,id,camelsaus,,215207,
GRDC_5202154,AU,id,camelsaus,,212040,
GRDC_5202155,AU,id,camelsaus,,215004,
GRDC_5202157,AU,id,camelsaus,,216004,
GRDC_5202160,AU,id,camelsaus,,216002,
GRDC_5202180,AU,id,camelsaus,,218005,
GRDC_5202181,AU,id,camelsaus,,218008,
GRDC_5202183,AU,id,camelsaus,,218007,
GRDC_5202185,AU,id,camelsaus,,218001,
GRDC_5202210,AU,id,camelsaus,,219003,
GRDC_5202211,AU,id,camelsaus,,219006,
GRDC_5202212,AU,id,camelsaus,,219017,
GRDC_5202213,AU,id,camelsaus,,219022,
GRDC_5202214,AU,id,camelsaus,,220003,
GRDC_5202215,AU,id,camelsaus,,221002,
GRDC_5202216,AU,id,camelsaus,,222004,
GRDC_5202217,AU,id,camelsaus,,222016,
GRDC_5202226,AU,id,camelsaus,,219001,
GRDC_5202227,AU,id,camelsaus,,222213,
GRDC_5204010,AU,id,camelsaus,,401015,
GRDC_5204011,AU,id,camelsaus,,410091,
GRDC_5204013,AU,id,camelsaus,,401013,
GRDC_5204017,AU,id,camelsaus,,401016,
GRDC_5204018,AU,id,camelsaus,,401012,
GRDC_5204019,AU,id,camelsaus,,401017,
GRDC_5204020,AU,id,camelsaus,,401009,
GRDC_5204100,AU,id,camelsaus,,410044,
GRDC_5204105,AU,id,camelsaus,,410033,
GRDC_5204107,AU,id,camelsaus,,410761,
GRDC_5204108,AU,id,camelsaus,,410062,
GRDC_5204109,AU,id,camelsaus,,410024,
GRDC_5204110,AU,id,camelsaus,,410026,
GRDC_5204111,AU,id,camelsaus,,410038,
GRDC_5204112,AU,id,camelsaus,,410047,
GRDC_5204120,AU,id,camelsaus,,412066,
GRDC_5204121,AU,id,camelsaus,,412028,
GRDC_5204122,AU,id,camelsaus,,412029,
GRDC_5204123,AU,id,camelsaus,,412050,
GRDC_5204130,AU,id,camelsaus,,410731,
GRDC_5204131,AU,id,camelsaus,,410088,
GRDC_5204132,AU,id,camelsaus,,410713,
GRDC_5204133,AU,id,camelsaus,,410705,
GRDC_5204134,AU,id,camelsaus,,411003,
GRDC_5204135,AU,id,camelsaus,,410730,
GRDC_5204136,AU,id,camelsaus,,410141,
GRDC_5204140,AU,id,camelsaus,,410734,
GRDC_5204150,AU,id,camelsaus,,410057,
GRDC_5204155,AU,id,camelsaus,,410061,
GRDC_5204159,AU,id,camelsaus,,410156,
GRDC_5204160,AU,id,camelsaus,,416003,
GRDC_5204161,AU,id,camelsaus,,416023,
GRDC_5204162,AU,id,camelsaus,,416032,
GRDC_5204167,AU,id,camelsaus,,416020,
GRDC_5204168,AU,id,camelsaus,,416016,
GRDC_5204169,AU,id,camelsaus,,416010,
GRDC_5204170,AU,id,camelsaus,,419005,
GRDC_5204175,AU,id,camelsaus,,419029,
GRDC_5204182,AU,id,camelsaus,,418014,
GRDC_5204183,AU,id,camelsaus,,418015,
GRDC_5204184,AU,id,camelsaus,,418017,
GRDC_5204186,AU,id,camelsaus,,418005,
GRDC_5204187,AU,id,camelsaus,,418021,
GRDC_5204189,AU,id,camelsaus,,418025,
GRDC_5204191,AU,id,camelsaus,,418027,
GRDC_5204192,AU,id,camelsaus,,418032,
GRDC_5204193,AU,id,camelsaus,,419010,
GRDC_5204194,AU,id,camelsaus,,419035,
GRDC_5204195,AU,id,camelsaus,,419016,
GRDC_5204196,AU,id,camelsaus,,419054,
GRDC_5204210,AU,id,camelsaus,,421018,
GRDC_5204216,AU,id,camelsaus,,421026,
GRDC_5204217,AU,id,camelsaus,,421048,
GRDC_5204218,AU,id,camelsaus,,421050,
GRDC_5204219,AU,id,camelsaus,,421055,
GRDC_5204220,AU,id,camelsaus,,420003,
GRDC_5204225,AU,id,camelsaus,,420017,
GRDC_5204229,AU,id,camelsaus,,421042,
GRDC_5204243,AU,id,camelsaus,,424002,
GRDC_5302100,AU,id,camelsaus,,221210,
GRDC_5302101,AU,id,camelsaus,,221201,
GRDC_5302102,AU,id,camelsaus,,221207,
GRDC_5302103,AU,id,camelsaus,,221208,
GRDC_5302104,AU,id,camelsaus,,221209,
GRDC_5302105,AU,id,camelsaus,,221211,
GRDC_5302106,AU,id,camelsaus,,221212,
GRDC_5302107,AU,id,camelsaus,,222202,
GRDC_5302108,AU,id,camelsaus,,222206,
GRDC_5302109,AU,id,camelsaus,,222217,
GRDC_5302110,AU,id,camelsaus,,223205,
GRDC_5302111,AU,id,camelsaus,,223202,
GRDC_5302220,AU,id,camelsaus,,222210,
GRDC_5302242,AU,id,camelsaus,,224203,
GRDC_5302243,AU,id,camelsaus,,224214,
GRDC_5302244,AU,id,camelsaus,,224213,
GRDC_5302245,AU,id,camelsaus,,224201,
GRDC_5302246,AU,id,camelsaus,,224206,
GRDC_5302252,AU,id,camelsaus,,225213,
GRDC_5302253,AU,id,camelsaus,,225218,
GRDC_5302254,AU,id,camelsaus,,225219,
GRDC_5302255,AU,id,camelsaus,,225201,
GRDC_5302256,AU,id,camelsaus,,225110A,
GRDC_5302260,AU,id,camelsaus,,226204,
GRDC_5302262,AU,id,camelsaus,,226209,
GRDC_5302263,AU,id,camelsaus,,226226,
GRDC_5302264,AU,id,camelsaus,,226402,
GRDC_5302265,AU,id,camelsaus,,226220,
GRDC_5302270,AU,id,camelsaus,,227202,
GRDC_5302271,AU,id,camelsaus,,227211,
GRDC_5302272,AU,id,camelsaus,,227237,
GRDC_5302273,AU,id,camelsaus,,227226,
GRDC_5302274,AU,id,camelsaus,,227200,
GRDC_5302275,AU,id,camelsaus,,227225,
GRDC_5302276,AU,id,camelsaus,,226410,
GRDC_5302278,AU,id,camelsaus,,227227,
GRDC_5302281,AU,id,camelsaus,,227231,
GRDC_5302282,AU,id,camelsaus,,227236,
GRDC_5302285,AU,id,camelsaus,,227219,
GRDC_5302298,AU,id,camelsaus,,229661A,
GRDC_5302301,AU,id,camelsaus,,230205,
GRDC_5302302,AU,id,camelsaus,,230210,
GRDC_5302303,AU,id,camelsaus,,231211,
GRDC_5302304,AU,id,camelsaus,,231225,
GRDC_5302310,AU,id,camelsaus,,231213,
GRDC_5302311,AU,id,camelsaus,,236213,
GRDC_5302312,AU,id,camelsaus,,234200,
GRDC_5302313,AU,id,camelsaus,,234201,
GRDC_5302314,AU,id,camelsaus,,234203,
GRDC_5302326,AU,id,camelsaus,,233214,
GRDC_5302327,AU,id,camelsaus,,235202,
GRDC_5302328,AU,id,camelsaus,,235210,
GRDC_5302329,AU,id,camelsaus,,235234,
GRDC_5302330,AU,id,camelsaus,,235203,
GRDC_5302331,AU,id,camelsaus,,235237,
GRDC_5302340,AU,id,camelsaus,,235211,
GRDC_5302345,AU,id,camelsaus,,235224,
GRDC_5302351,AU,id,camelsaus,,235205,
GRDC_5302360,AU,id,camelsaus,,236205,
GRDC_5302365,AU,id,camelsaus,,236209,
GRDC_5302366,AU,id,camelsaus,,236212,
GRDC_5302380,AU,id,camelsaus,,238204,
GRDC_5302390,AU,id,camelsaus,,238229,
GRDC_5302391,AU,id,camelsaus,,238223,
GRDC_5302401,AU,id,camelsaus,,238230,
GRDC_5302402,AU,id,camelsaus,,238235,
GRDC_5302403,AU,id,camelsaus,,237202,
GRDC_5302404,AU,id,camelsaus,,237207,
GRDC_5302405,AU,id,camelsaus,,237205,
GRDC_5302406,AU,id,camelsaus,,237206,
GRDC_5302410,AU,id,camelsaus,,238208,
GRDC_5302411,AU,id,camelsaus,,238231,
GRDC_5304010,AU,id,camelsaus,,401210,
GRDC_5304015,AU,id,camelsaus,,401217,
GRDC_5304018,AU,id,camelsaus,,401216,
GRDC_5304019,AU,id,camelsaus,,401203,
GRDC_5304020,AU,id,camelsaus,,401220,
GRDC_5304021,AU,id,camelsaus,,401208,
GRDC_5304025,AU,id,camelsaus,,401212,
GRDC_5304029,AU,id,camelsaus,,403232,
GRDC_5304030,AU,id,camelsaus,,403233,
GRDC_5304034,AU,id,camelsaus,,403217,
GRDC_5304036,AU,id,camelsaus,,403222,
GRDC_5304040,AU,id,camelsaus,,405215,
GRDC_5304050,AU,id,camelsaus,,402204,
GRDC_5304051,AU,id,camelsaus,,402213,
GRDC_5304052,AU,id,camelsaus,,402217,
GRDC_5304053,AU,id,camelsaus,,402206,
GRDC_5304054,AU,id,camelsaus,,403214,
GRDC_5304056,AU,id,camelsaus,,403221,
GRDC_5304059,AU,id,camelsaus,,406250,
GRDC_5304062,AU,id,camelsaus,,406208,
GRDC_5304064,AU,id,camelsaus,,406213,
GRDC_5304066,AU,id,camelsaus,,406235,
GRDC_5304067,AU,id,camelsaus,,406226,
GRDC_5304068,AU,id,camelsaus,,406224,
GRDC_5304069,AU,id,camelsaus,,407214,
GRDC_5304070,AU,id,camelsaus,,407215,
GRDC_5304071,AU,id,camelsaus,,406214,
GRDC_5304072,AU,id,camelsaus,,407213,
GRDC_5304073,AU,id,camelsaus,,407230,
GRDC_5304080,AU,id,camelsaus,,408200,
GRDC_5304081,AU,id,camelsaus,,408202,
GRDC_5304082,AU,id,camelsaus,,408206,
GRDC_5304090,AU,id,camelsaus,,405209,
GRDC_5304095,AU,id,camelsaus,,405205,
GRDC_5304100,AU,id,camelsaus,,405264,
GRDC_5304110,AU,id,camelsaus,,404207,
GRDC_5304111,AU,id,camelsaus,,403213,
GRDC_5304112,AU,id,camelsaus,,403226,
GRDC_5304113,AU,id,camelsaus,,403224,
GRDC_5304119,AU,id,camelsaus,,405234,
GRDC_5304120,AU,id,camelsaus,,405226,
GRDC_5304121,AU,id,camelsaus,,405248,
GRDC_5304122,AU,id,camelsaus,,405228,
GRDC_5304123,AU,id,camelsaus,,405240,
GRDC_5304124,AU,id,camelsaus,,405212,
GRDC_5304125,AU,id,camelsaus,,405238,
GRDC_5304126,AU,id,camelsaus,,405231,
GRDC_5304127,AU,id,camelsaus,,405274,
GRDC_5304128,AU,id,camelsaus,,405217,
GRDC_5304129,AU,id,camelsaus,,405241,
GRDC_5304130,AU,id,camelsaus,,405251,
GRDC_5304131,AU,id,camelsaus,,405245,
GRDC_5304132,AU,id,camelsaus,,405214,
GRDC_5304133,AU,id,camelsaus,,405218,
GRDC_5304134,AU,id,camelsaus,,405219,
GRDC_5304135,AU,id,camelsaus,,405263,
GRDC_5304136,AU,id,camelsaus,,405227,
GRDC_5304150,AU,id,camelsaus,,415220,
GRDC_5304155,AU,id,camelsaus,,415226,
GRDC_5304160,AU,id,camelsaus,,415207,
GRDC_5304161,AU,id,camelsaus,,415245,
GRDC_5304163,AU,id,camelsaus,,415238,
GRDC_5304164,AU,id,camelsaus,,415237,
GRDC_5304165,AU,id,camelsaus,,415201,
GRDC_5304166,AU,id,camelsaus,,405230,
GRDC_5304167,AU,id,camelsaus,,405229,
GRDC_5304170,AU,id,camelsaus,,407253,
GRDC_5402104,AU,id,camelsaus,,A2390531,
GRDC_5402390,AU,id,camelsaus,,A2390519,
GRDC_5405035,AU,id,camelsaus,,A5030502,
GRDC_5405051,AU,id,camelsaus,,A5050517,
GRDC_5405060,AU,id,camelsaus,,A5060500,
GRDC_5405070,AU,id,camelsaus,,A5070500,
GRDC_5405080,AU,id,camelsaus,,A5070503,
GRDC_5405095,AU,id,camelsaus,,A5090503,
GRDC_5405110,AU,id,camelsaus,,A4260533,
GRDC_5405130,AU,id,camelsaus,,A5130501,
GRDC_5405180,AU,id,camelsaus,,A5040523,
GRDC_5410100,AU,id,camelsaus,,A0030501,
GRDC_5606030,AU,id,camelsaus,,602004,
GRDC_5606040,AU,id,camelsaus,,604053,
GRDC_5606041,AU,id,camelsaus,,604001,
GRDC_5606042,AU,id,camelsaus,,605012,
GRDC_5606043,AU,id,camelsaus,,603003,
GRDC_5606044,AU,id,camelsaus,,603190,
GRDC_5606045,AU,id,camelsaus,,606002,
GRDC_5606046,AU,id,camelsaus,,603136,
GRDC_5606047,AU,id,camelsaus,,603004,
GRDC_5606048,AU,id,camelsaus,,603007,
GRDC_5606049,AU,id,camelsaus,,603005,
GRDC_5606050,AU,id,camelsaus,,607220,
GRDC_5606055,AU,id,camelsaus,,617002,
GRDC_5606065,AU,id,camelsaus,,701009,
GRDC_5606066,AU,id,camelsaus,,701002,
GRDC_5606067,AU,id,camelsaus,,701007,
GRDC_5606070,AU,id,camelsaus,,607013,
GRDC_5606071,AU,id,camelsaus,,607003,
GRDC_5606072,AU,id,camelsaus,,607144,
GRDC_5606073,AU,id,camelsaus,,607004,
GRDC_5606074,AU,id,camelsaus,,607007,
GRDC_5606090,AU,id,camelsaus,,609002,
GRDC_5606095,AU,id,camelsaus,,606195,
GRDC_5606097,AU,id,camelsaus,,609010,
GRDC_5606098,AU,id,camelsaus,,609005,
GRDC_5606099,AU,id,camelsaus,,609018,
GRDC_5606105,AU,id,camelsaus,,610001,
GRDC_5606106,AU,id,camelsaus,,611004,
GRDC_5606107,AU,id,camelsaus,,611111,
GRDC_5606120,AU,id,camelsaus,,612230,
GRDC_5606121,AU,id,camelsaus,,612025,
GRDC_5606122,AU,id,camelsaus,,612001,
GRDC_5606123,AU,id,camelsaus,,612034,
GRDC_5606124,AU,id,camelsaus,,612014,
GRDC_5606125,AU,id,camelsaus,,613002,
GRDC_5606126,AU,id,camelsaus,,613146,
GRDC_5606130,AU,id,camelsaus,,614006,
GRDC_5606135,AU,id,camelsaus,,614044,
GRDC_5606136,AU,id,camelsaus,,614224,
GRDC_5606137,AU,id,camelsaus,,614037,
GRDC_5606140,AU,id,camelsaus,,614196,
GRDC_5606161,AU,id,camelsaus,,616001,
GRDC_5606162,AU,id,camelsaus,,616019,
GRDC_5606165,AU,id,camelsaus,,616006,
GRDC_5606166,AU,id,camelsaus,,617003,
GRDC_5606170,AU,id,camelsaus,,608002,
GRDC_5606171,AU,id,camelsaus,,616178,
GRDC_5606172,AU,id,camelsaus,,616013,
GRDC_5606173,AU,id,camelsaus,,616216,
GRDC_5606174,AU,id,camelsaus,,608151,
GRDC_5606175,AU,id,camelsaus,,616065,
GRDC_5606176,AU,id,camelsaus,,616041,
GRDC_5606180,AU,id,camelsaus,,606185,
GRDC_5606190,AU,id,camelsaus,,606001,
GRDC_5606274,AU,id,camelsaus,,616002,
GRDC_5607024,AU,id,camelsaus,,802055,
GRDC_5607030,AU,id,camelsaus,,803003,
GRDC_5607200,AU,id,camelsaus,,704139,
GRDC_5607201,AU,id,camelsaus,,704193,
GRDC_5607210,AU,id,camelsaus,,705001,
GRDC_5607405,AU,id,camelsaus,,707005,
GRDC_5607410,AU,id,camelsaus,,707002,
GRDC_5607451,AU,id,camelsaus,,708011,
GRDC_5607500,AU,id,camelsaus,,710003,
GRDC_5607510,AU,id,camelsaus,,709010,
GRDC_5607520,AU,id,camelsaus,,710229,
GRDC_5608091,AU,id,camelsaus,,809310,
GRDC_5608093,AU,id,camelsaus,,809322,
GRDC_5608095,AU,id,camelsaus,,809316,
GRDC_5608098,AU,id,camelsaus,,809321,
GRDC_5708094,AU,id,camelsaus,,809315,
GRDC_5708125,AU,id,camelsaus,,G8110004,
GRDC_5708130,AU,id,camelsaus,,G8140011,
GRDC_5708135,AU,id,camelsaus,,G8140063,
GRDC_5708140,AU,id,camelsaus,,G8140161,
GRDC_5708141,AU,id,camelsaus,,G8140067,
GRDC_5708142,AU,id,camelsaus,,G8140001,
GRDC_5708143,AU,id,camelsaus,,G8140008,
GRDC_5708145,AU,id,camelsaus,,G8140040,
GRDC_5708150,AU,id,camelsaus,,G8150018,
GRDC_5708155,AU,id,camelsaus,,G8150098,
GRDC_5708170,AU,id,camelsaus,,G8150180,
GRDC_5708171,AU,id,camelsaus,,G8150010,
GRDC_5708172,AU,id,camelsaus,,G8170002,
GRDC_5708190,AU,id,camelsaus,,G8200045,
GRDC_5708220,AU,id,camelsaus,,G8210010,
GRDC_5708230,AU,id,camelsaus,,G8190001,
GRDC_5709100,AU,id,camelsaus,,G9030250,
GRDC_5709105,AU,id,camelsaus,,G9030001,
GRDC_5709111,AU,id,camelsaus,,G9070142,
GRDC_5710050,AU,id,camelsaus,,G0050115,
GRDC_5803017,AU,id,camelsaus,,302200,
GRDC_5803018,AU,id,camelsaus,,302208,
GRDC_5803019,AU,id,camelsaus,,303203,
GRDC_5803040,AU,id,camelsaus,,304497,
GRDC_5803051,AU,id,camelsaus,,305202,
GRDC_5803089,AU,id,camelsaus,,308799,
GRDC_5803121,AU,id,camelsaus,,317200,
GRDC_5803131,AU,id,camelsaus,,316624,
GRDC_5803141,AU,id,camelsaus,,314214,
GRDC_5803151,AU,id,camelsaus,,314213,
GRDC_5803171,AU,id,camelsaus,,314212,
GRDC_5803178,AU,id,camelsaus,,319204,
GRDC_5803179,AU,id,camelsaus,,318181,
GRDC_5803182,AU,id,camelsaus,,318150,
GRDC_5803183,AU,id,camelsaus,,318076,
GRDC_5803186,AU,id,camelsaus,,318191,
GRDC_5803187,AU,id,camelsaus,,318311,
GRDC_5803190,AU,id,camelsaus,,315450,
GRDC_5803225,AU,id,camelsaus,,304499,
GRDC_5803310,AU,id,camelsaus,,312061,
GRDC_5803520,AU,id,camelsaus,,304040,
GRDC_5803602,AU,id,camelsaus,,306119,
GRDC_5803701,AU,id,camelsaus,,307473,
GRDC_5803751,AU,id,camelsaus,,314207,
GRDC_5803800,AU,id,camelsaus,,308145,
GRDC_6235100,AT,id,lamah,,200261,
GRDC_6235101,AT,id,lamah,,200253,
GRDC_6235102,AT,id,lamah,,200246,
GRDC_6235110,AT,id,lamah,,200287,
GRDC_6235200,AT,id,lamah,,200154,
GRDC_6235210,AT,id,lamah,,200105,
GRDC_6235300,AT,id,lamah,,200410,
GRDC_6235400,AT,id,lamah,,200147,
GRDC_6235500,AT,id,lamah,,200329,
GRDC_6235530,AT,id,lamah,,200196,
GRDC_6235535,AT,id,lamah,,200014,
GRDC_6242020,AT,id,lamah,,200378,
GRDC_6242030,AT,id,lamah,,204883,
GRDC_6242050,AT,id,lamah,,204933,
GRDC_6242070,AT,id,lamah,,205088,
GRDC_6242110,AT,id,lamah,,205518,
GRDC_6242120,AT,id,lamah,,206375,
GRDC_6242130,AT,id,lamah,,209247,
GRDC_6242140,AT,id,lamah,,206029,
GRDC_6242150,AT,id,lamah,,207688,
GRDC_6242160,AT,id,lamah,,207803,
GRDC_6242170,AT,id,lamah,,207837,
GRDC_6242180,AT,id,lamah,,207811,
GRDC_6242200,AT,id,lamah,,211037,
GRDC_6242240,AT,id,lamah,,210864,
GRDC_6242250,AT,id,lamah,,205922,
GRDC_6242251,AT,id,lamah,,203711,
GRDC_6242260,AT,id,lamah,,205799,
GRDC_6242270,AT,id,lamah,,205856,
GRDC_6242280,AT,id,lamah,,205807,
GRDC_6242281,AT,id,lamah,,205823,
GRDC_6242290,AT,id,lamah,,210815,
GRDC_6242300,AT,id,lamah,,207134,
GRDC_6242310,AT,id,lamah,,209502,
GRDC_6242401,AT,id,lamah,,207357,
GRDC_6242410,AT,id,lamah,,214304,
GRDC_6242420,AT,id,lamah,,207878,
GRDC_6242501,AT,id,lamah,,207241,
GRDC_6242510,AT,id,lamah,,201087,
GRDC_6242515,AT,id,lamah,,208777,
GRDC_6242520,AT,id,lamah,,207993,
GRDC_6242530,AT,id,lamah,,208009,
GRDC_6242540,AT,id,lamah,,208041,
GRDC_6242550,AT,id,lamah,,208017,
GRDC_6242555,AT,id,lamah,,209569,
GRDC_6242560,AT,id,lamah,,208058,
GRDC_6242570,AT,id,lamah,,209411,
GRDC_6242600,AT,id,lamah,,205203,
GRDC_6242610,AT,id,lamah,,210542,
GRDC_6242613,AT,id,lamah,,205369,
GRDC_6242615,AT,id,lamah,,206185,
GRDC_6242620,AT,id,lamah,,205468,
GRDC_6242621,AT,id,lamah,,205534,
GRDC_6242630,AT,id,lamah,,206409,
GRDC_6242631,AT,id,lamah,,205658,
GRDC_6242700,AT,id,lamah,,207274,
GRDC_6242710,AT,id,lamah,,208157,
GRDC_6242800,AT,id,lamah,,207407,
GRDC_6242810,AT,id,lamah,,209262,
GRDC_6242820,AT,id,lamah,,207324,
GRDC_6242830,AT,id,lamah,,207290,
GRDC_6242850,AT,id,lamah,,208629,
GRDC_6242910,AT,id,lamah,,210013,
GRDC_6242920,AT,id,lamah,,215038,
GRDC_6242930,AT,id,lamah,,210401,
GRDC_6242933,AT,id,lamah,,201152,
GRDC_6242940,AT,id,lamah,,210468,
GRDC_6242950,AT,id,lamah,,202127,
GRDC_6242951,AT,id,lamah,,201095,
GRDC_6242952,AT,id,lamah,,202143,
GRDC_6243030,AT,id,lamah,,201525,
GRDC_6243050,AT,id,lamah,,201889,
GRDC_6243120,AT,id,lamah,,201350,
GRDC_6243200,AT,id,lamah,,201913,
GRDC_6243201,AT,id,lamah,,201939,
GRDC_6243210,AT,id,lamah,,201921,
GRDC_6243220,AT,id,lamah,,201947,
GRDC_6243230,AT,id,lamah,,203489,
GRDC_6243235,AT,id,lamah,,203471,
GRDC_6243240,AT,id,lamah,,203364,
GRDC_6243245,AT,id,lamah,,204297,
GRDC_6243260,AT,id,lamah,,203034,
GRDC_6243270,AT,id,lamah,,203083,
GRDC_6243300,AT,id,lamah,,201863,
GRDC_6243350,AT,id,lamah,,201640,
GRDC_6243355,AT,id,lamah,,201558,
GRDC_6243360,AT,id,lamah,,201566,
GRDC_6243400,AT,id,lamah,,201434,
GRDC_6243410,AT,id,lamah,,201376,
GRDC_6243450,AT,id,lamah,,201160,
GRDC_6243800,AT,id,lamah,,204750,
GRDC_6243810,AT,id,lamah,,204768,
GRDC_6243830,AT,id,lamah,,206102,
GRDC_6243850,AT,id,lamah,,206201,
GRDC_6246100,AT,id,lamah,,211169,
GRDC_6246110,AT,id,lamah,,213090,
GRDC_6246120,AT,id,lamah,,212936,
GRDC_6246121,AT,id,lamah,,212928,
GRDC_6246130,AT,id,lamah,,212670,
GRDC_6246140,AT,id,lamah,,212456,
GRDC_6246145,AT,id,lamah,,212530,
GRDC_6246155,AT,id,lamah,,213926,
GRDC_6246160,AT,id,lamah,,212092,
GRDC_6246161,AT,id,lamah,,212043,
GRDC_6246165,AT,id,lamah,,212233,
GRDC_6246170,AT,id,lamah,,212100,
GRDC_6246180,AT,id,lamah,,212118,
GRDC_6246185,AT,id,lamah,,212126,
GRDC_6246190,AT,id,lamah,,212068,
GRDC_6246195,AT,id,lamah,,212076,
GRDC_6246400,AT,id,lamah,,213173,
GRDC_6246590,AT,id,lamah,,211490,
GRDC_6246605,AT,id,lamah,,211797,
GRDC_6246611,AT,id,lamah,,211763,
GRDC_6246612,AT,id,lamah,,211292,
GRDC_6246620,AT,id,lamah,,211276,
GRDC_6246630,AT,id,lamah,,203786,
GRDC_6246631,AT,id,lamah,,203760,
GRDC_6246632,AT,id,lamah,,203737,
GRDC_6246633,AT,id,lamah,,203794,
GRDC_6246635,AT,id,lamah,,203778,
GRDC_6246700,AT,id,lamah,,211243,
GRDC_6246701,AT,id,lamah,,211227,
GRDC_6246710,AT,id,lamah,,211250,
GRDC_6342070,DE,id,lamah,,1131,
GRDC_6342100,DE,id,lamah,,1144,
GRDC_6342105,DE,id,lamah,,129,
GRDC_6342110,DE,id,lamah,,11609000,
GRDC_6342120,DE,id,lamah,,11924007,
GRDC_6342130,DE,id,lamah,,11809009,
GRDC_6342200,DE,id,lamah,,11402001,
GRDC_6342201,DE,id,lamah,,11405000,
GRDC_6342210,DE,id,lamah,,11425200,
GRDC_6342230,DE,id,lamah,,144,
GRDC_6342501,DE,id,lamah,,10035801,
GRDC_6342502,DE,id,lamah,,125,
GRDC_6342510,DE,id,lamah,,12006000,
GRDC_6342512,DE,id,lamah,,12002009,
GRDC_6342513,DE,id,lamah,,12003001,
GRDC_6342521,DE,id,lamah,,13407902,
GRDC_6342522,DE,id,lamah,,13406105,
GRDC_6342531,DE,id,lamah,,12405005,
GRDC_6342570,DE,id,lamah,,16610709,
GRDC_6342600,DE,id,lamah,,10062000,
GRDC_6342610,DE,id,lamah,,14008006,
GRDC_6342611,DE,id,lamah,,14002305,
GRDC_6342630,DE,id,lamah,,15243001,
GRDC_6342640,DE,id,lamah,,15408000,
GRDC_6342650,DE,id,lamah,,16607001,
GRDC_6342655,DE,id,lamah,,16686008,
GRDC_6342660,DE,id,lamah,,16825002,
GRDC_6342670,DE,id,lamah,,17204204,
GRDC_6342675,DE,id,lamah,,17215007,
GRDC_6342800,DE,id,lamah,,10088003,
GRDC_6342810,DE,id,lamah,,1120,
GRDC_6342820,DE,id,lamah,,17345002,
GRDC_6342830,DE,id,lamah,,17406005,
GRDC_6342920,DE,id,lamah,,10078000,
GRDC_6342927,DE,id,lamah,,16004006,
GRDC_6342928,DE,id,lamah,,16000708,
GRDC_6342930,DE,id,lamah,,16407002,
GRDC_6342931,DE,id,lamah,,16402009,
GRDC_6342935,DE,id,lamah,,16425004,
GRDC_6342970,DE,id,lamah,,120,
GRDC_6343100,DE,id,lamah,,18003004,
GRDC_6343500,DE,id,lamah,,18606000,
GRDC_6343531,DE,id,lamah,,18481006,
GRDC_6343535,DE,id,lamah,,18486000,
GRDC_6343537,DE,id,lamah,,18487501,
GRDC_6343550,DE,id,lamah,,18620500,
GRDC_6343560,DE,id,lamah,,18642003,
GRDC_6343570,DE,id,lamah,,18454003,
GRDC_6343900,DE,id,lamah,,18008008,
GRDC_6935145,CH,id,lamah,,2602,
GRDC_6935540,CH,id,lamah,,2150,
GRDC_6935550,CH,id,lamah,,2327,
GRDC_6943100,CH,id,lamah,,2067,
GRDC_6943110,CH,id,lamah,,2319,
GRDC_6943115,CH,id,lamah,,2304,
GRDC_6943150,CH,id,lamah,,2262,
GRDC_6943160,CH,id,lamah,,2256,
GRDC_6943170,CH,id,lamah,,2263,
GRDC_6321100,Germany,geo,camelsde,camelsde_DEA11610,,0.1881229019560949
GRDC_6321200,Germany,geo,camelsde,camelsde_DEA11460,,0.9976805299936633
GRDC_6334270,Germany,geo,camelsde,camelsde_DEF14100,,0.5764614599393627
GRDC_6334800,Germany,geo,camelsde,camelsde_DEF14500,,0.10138249244919759
GRDC_6335031,Germany,geo,camelsde,camelsde_DEA10620,,0.28469892206854225
GRDC_6335032,Germany,geo,camelsde,camelsde_DEA10480,,0.06138243876071675
GRDC_6335035,Germany,geo,camelsde,camelsde_DEA10640,,0.20668105442934798
GRDC_6335040,Germany,geo,camelsde,camelsde_DEA10370,,0.21071051267136084
GRDC_6335046,Germany,geo,camelsde,camelsde_DEA10120,,0.07352207068550724
GRDC_6335048,Germany,geo,camelsde,camelsde_DEA10220,,0.9453959745969543
GRDC_6335075,Germany,geo,camelsde,camelsde_DEB10410,,0.6742190515176036
GRDC_6335076,Germany,geo,camelsde,camelsde_DEB10570,,0.1581819892468924
GRDC_6335080,Germany,geo,camelsde,camelsde_DEA11200,,0.12493672186174717
GRDC_6335081,Germany,geo,camelsde,camelsde_DEA11090,,0.3045606637055649
GRDC_6335082,Germany,geo,camelsde,camelsde_DEA11010,,0.12101657336088863
GRDC_6335083,Germany,geo,camelsde,camelsde_DEA11180,,0.4872231810465293
GRDC_6335113,Germany,geo,camelsde,camelsde_DEB10720,,0.38003212021994676
GRDC_6335116,Germany,geo,camelsde,camelsde_DEB10220,,0.14737935029992197
GRDC_6335117,Germany,geo,camelsde,camelsde_DEB10090,,0.05209530918090855
GRDC_6335125,Germany,geo,camelsde,camelsde_DE110310,,0.4666680677341551
GRDC_6335156,Germany,geo,camelsde,camelsde_DE710260,,0.2336985555710716
GRDC_6335160,Germany,geo,camelsde,camelsde_DE710530,,0.7826283296180154
GRDC_6335165,Germany,geo,camelsde,camelsde_DE710230,,0.10339421269237242
GRDC_6335167,Germany,geo,camelsde,camelsde_DE710600,,0.12401515133317749
GRDC_6335175,Germany,geo,camelsde,camelsde_DEB10830,,0.1289256237203178
GRDC_6335190,Germany,geo,camelsde,camelsde_DEB10840,,0.2738930744801441
GRDC_6335290,Germany,geo,camelsde,camelsde_DE111600,,0.2670875987894456
GRDC_6335291,Germany,geo,camelsde,camelsde_DE111740,,0.07506945064890669
GRDC_6335300,Germany,geo,camelsde,camelsde_DE111680,,0.6380272240889053
GRDC_6335301,Germany,geo,camelsde,camelsde_DE213730,,0.15301093344880146
GRDC_6335303,Germany,geo,camelsde,camelsde_DE213720,,0.18113318845881377
GRDC_6335310,Germany,geo,camelsde,camelsde_DE710410,,0.17329738317380283
GRDC_6335320,Germany,geo,camelsde,camelsde_DE710420,,0.23002948169875453
GRDC_6335351,Germany,geo,camelsde,camelsde_DE710620,,0.09123411484132896
GRDC_6335360,Germany,geo,camelsde,camelsde_DE710030,,0.3154740188127918
GRDC_6335450,Germany,geo,camelsde,camelsde_DE111140,,0.4604439350020516
GRDC_6335460,Germany,geo,camelsde,camelsde_DE111160,,0.052136247027158966
GRDC_6335461,Germany,geo,camelsde,camelsde_DE111160,,0.052136247027158966
GRDC_6335465,Germany,geo,camelsde,camelsde_DE110950,,0.16591403616759057
GRDC_6335470,Germany,geo,camelsde,camelsde_DE111460,,0.11928685358865752
GRDC_6335500,Germany,geo,camelsde,camelsde_DE213740,,0.27258994669813513
GRDC_6335510,Germany,geo,camelsde,camelsde_DE214840,,0.9351404503802738
GRDC_6335520,Germany,geo,camelsde,camelsde_DE111890,,0.2591782759101852
GRDC_6335521,Germany,geo,camelsde,camelsde_DE110200,,0.08743155539758611
GRDC_6335530,Germany,geo,camelsde,camelsde_DE214230,,0.304874163184457
GRDC_6335540,Germany,geo,camelsde,camelsde_DE213970,,0.49456188537756846
GRDC_6335550,Germany,geo,camelsde,camelsde_DE110410,,0.2104354100814926
GRDC_6335560,Germany,geo,camelsde,camelsde_DE111840,,0.0940311218838531
GRDC_6335565,Germany,geo,camelsde,camelsde_DE110490,,0.40400659440552933
GRDC_6335570,Germany,geo,camelsde,camelsde_DE110340,,0.1441349630489382
GRDC_6335571,Germany,geo,camelsde,camelsde_DE110390,,0.8042470239754753
GRDC_6335603,Germany,geo,camelsde,camelsde_DE110350,,0.0566596030204275
GRDC_6335604,Germany,geo,camelsde,camelsde_DE110400,,0.14688975553292016
GRDC_6335606,Germany,geo,camelsde,camelsde_DE111030,,0.6461438357900512
GRDC_6335610,Germany,geo,camelsde,camelsde_DE110470,,0.5812354789956758
GRDC_6335620,Germany,geo,camelsde,camelsde_DE111710,,0.2512344801834074
GRDC_6335621,Germany,geo,camelsde,camelsde_DE112420,,0.07252311842400358
GRDC_6335635,Germany,geo,camelsde,camelsde_DE112220,,0.249661914974715
GRDC_6335640,Germany,geo,camelsde,camelsde_DE112070,,0.23142119971233016
GRDC_6335650,Germany,geo,camelsde,camelsde_DE111820,,0.9869196243067009
GRDC_6335651,Germany,geo,camelsde,camelsde_DE111070,,0.42895989326256173
GRDC_6335660,Germany,geo,camelsde,camelsde_DE111720,,0.15541696068134625
GRDC_6335671,Germany,geo,camelsde,camelsde_DE110380,,0.26971732746037086
GRDC_6335675,Germany,geo,camelsde,camelsde_DE110430,,0.13647327527402922
GRDC_6335677,Germany,geo,camelsde,camelsde_DE111300,,0.26244679551367894
GRDC_6335680,Germany,geo,camelsde,camelsde_DE110960,,0.1498870222600853
GRDC_6335681,Germany,geo,camelsde,camelsde_DE111610,,0.0845444814180735
GRDC_6335690,Germany,geo,camelsde,camelsde_DE111040,,0.226272644053161
GRDC_6335696,Germany,geo,camelsde,camelsde_DE111010,,0.5232386134613067
GRDC_6335700,Germany,geo,camelsde,camelsde_DE111270,,0.2200490693313962
GRDC_6335710,Germany,geo,camelsde,camelsde_DE110920,,0.056299730570682854
GRDC_6335720,Germany,geo,camelsde,camelsde_DE110330,,0.15137694237374988
GRDC_6335725,Germany,geo,camelsde,camelsde_DE110320,,0.9596653477328974
GRDC_6335730,Germany,geo,camelsde,camelsde_DE111430,,0.21340015705314058
GRDC_6335735,Germany,geo,camelsde,camelsde_DE111490,,0.12992087407930764
GRDC_6335800,Germany,geo,camelsde,camelsde_DE213710,,0.4943870634339549
GRDC_6335810,Germany,geo,camelsde,camelsde_DE213890,,0.7947169477406247
GRDC_6335820,Germany,geo,camelsde,camelsde_DE214370,,0.26031517212774447
GRDC_6335830,Germany,geo,camelsde,camelsde_DE112380,,0.13134283434800342
GRDC_6336510,Germany,geo,camelsde,camelsde_DEB10980,,0.7763608451078765
GRDC_6336910,Germany,geo,camelsde,camelsde_DEC10030,,0.18758030544109766
GRDC_6336920,Germany,geo,camelsde,camelsde_DEC10050,,0.06898515077990086
GRDC_6336930,Germany,geo,camelsde,camelsde_DEC10200,,0.41406141101323857
GRDC_6337050,Germany,geo,camelsde,camelsde_DE912110,,0.23417873208474524
GRDC_6337060,Germany,geo,camelsde,camelsde_DE911970,,0.1650572823174538
GRDC_6337310,Germany,geo,camelsde,camelsde_DEG10110,,0.39539117438602195
GRDC_6337330,Germany,geo,camelsde,camelsde_DEG10390,,0.533202638343813
GRDC_6337340,Germany,geo,camelsde,camelsde_DEG10140,,0.32983941398536487
GRDC_6337350,Germany,geo,camelsde,camelsde_DEG10470,,0.21742137196748934
GRDC_6337410,Germany,geo,camelsde,camelsde_DE710470,,0.6372036804415223
GRDC_6337500,Germany,geo,camelsde,camelsde_DE911480,,0.4970771248968421
GRDC_6337520,Germany,geo,camelsde,camelsde_DE710040,,0.08910272169598102
GRDC_6337521,Germany,geo,camelsde,camelsde_DEA11790,,0.06733037255130493
GRDC_6337530,Germany,geo,camelsde,camelsde_DE710550,,0.20199906448647878
GRDC_6337541,Germany,geo,camelsde,camelsde_DE911240,,0.23638000585299654
GRDC_6337542,Germany,geo,camelsde,camelsde_DEG10010,,0.21159529049672576
GRDC_6337550,Germany,geo,camelsde,camelsde_DE910810,,0.28222171753255326
GRDC_6337560,Germany,geo,camelsde,camelsde_DE910850,,0.24122220142631007
GRDC_6337570,Germany,geo,camelsde,camelsde_DEA12000,,0.2754564439273232
GRDC_6337580,Germany,geo,camelsde,camelsde_DE910680,,0.18922482425812168
GRDC_6337590,Germany,geo,camelsde,camelsde_DE911350,,0.12542408845249708
GRDC_6337600,Germany,geo,camelsde,camelsde_DE710830,,0.22208006706570751
GRDC_6337610,Germany,geo,camelsde,camelsde_DEG10370,,0.15753102336529953
GRDC_6338150,Germany,geo,camelsde,camelsde_DEA11700,,0.2570385510924033
GRDC_6338160,Germany,geo,camelsde,camelsde_DE910400,,0.6159591949728604
GRDC_6338161,Germany,geo,camelsde,camelsde_DE910320,,0.28983053702940703
GRDC_6338162,Germany,geo,camelsde,camelsde_DE910270,,0.08789710697493987
GRDC_6338163,Germany,geo,camelsde,camelsde_DE910150,,0.290948062267817
GRDC_6338200,Germany,geo,camelsde,camelsde_DE912790,,0.11184433372746147
GRDC_6338201,Germany,geo,camelsde,camelsde_DE912700,,0.7700676467230071
GRDC_6338210,Germany,geo,camelsde,camelsde_DEA12120,,0.1846663419375019
GRDC_6338250,Germany,geo,camelsde,camelsde_DE912560,,0.1116850080022007
GRDC_6340050,Germany,geo,camelsde,camelsde_DE912350,,0.2803271139724553
GRDC_6340200,Germany,geo,camelsde,camelsde_DEE10170,,0.1083789776794554
GRDC_6340218,Germany,geo,camelsde,camelsde_DE912420,,0.35535542094818634
GRDC_6340220,Germany,geo,camelsde,camelsde_DEG10600,,0.18939937988290853
GRDC_6340302,Germany,geo,camelsde,camelsde_DEG10490,,0.2561046066415725
GRDC_6340303,Germany,geo,camelsde,camelsde_DE215290,,0.125072895741993
GRDC_6340315,Germany,geo,camelsde,camelsde_DEG10440,,0.12427611962288446
GRDC_6340320,Germany,geo,camelsde,camelsde_DEG10430,,0.17668360686420342
GRDC_6340330,Germany,geo,camelsde,camelsde_DEG10170,,0.9838197514325113
GRDC_6340335,Germany,geo,camelsde,camelsde_DEG10340,,0.6211109252983826
GRDC_6340340,Germany,geo,camelsde,camelsde_DEG10400,,0.2218784692571434
GRDC_6340350,Germany,geo,camelsde,camelsde_DED11280,,0.7670218092104546
GRDC_6340360,Germany,geo,camelsde,camelsde_DEG10610,,0.8018045715487147
GRDC_6340366,Germany,geo,camelsde,camelsde_DEG10240,,0.16735750672489674
GRDC_6340400,Germany,geo,camelsde,camelsde_DED11420,,0.43068300283338057
GRDC_6340410,Germany,geo,camelsde,camelsde_DED10430,,0.2613394490477196
GRDC_6340420,Germany,geo,camelsde,camelsde_DED10480,,0.473536999605167
GRDC_6340430,Germany,geo,camelsde,camelsde_DED11930,,0.2338099102846986
GRDC_6340440,Germany,geo,camelsde,camelsde_DED10620,,0.04811145020182097
GRDC_6340600,Germany,geo,camelsde,camelsde_DED10110,,0.28203938524959365
GRDC_6340612,Germany,geo,camelsde,camelsde_DED10150,,0.4032550803362776
GRDC_6340620,Germany,geo,camelsde,camelsde_DED12590,,0.2708002861377829
GRDC_6340621,Germany,geo,camelsde,camelsde_DED12790,,0.1458647335640754
GRDC_6340625,Germany,geo,camelsde,camelsde_DED10700,,0.09423598764022809
GRDC_6340627,Germany,geo,camelsde,camelsde_DED10100,,0.4383029184969536
GRDC_6340630,Germany,geo,camelsde,camelsde_DED11300,,0.12058575140869016
GRDC_6340631,Germany,geo,camelsde,camelsde_DED11300,,0.12058575140869016
GRDC_6340635,Germany,geo,camelsde,camelsde_DED12460,,0.09964497582069322
GRDC_6340670,Germany,geo,camelsde,camelsde_DED10000,,0.7420334216169232
GRDC_6340671,Germany,geo,camelsde,camelsde_DED10000,,0.7420334216169232
GRDC_6340800,Germany,geo,camelsde,camelsde_DE410460,,0.07535935783977567
GRDC_6340810,Germany,geo,camelsde,camelsde_DED10240,,0.14444651460729518
GRDC_6341500,Germany,geo,camelsde,camelsde_DE811440,,0.3127103435878066
GRDC_6342050,Germany,geo,camelsde,camelsde_DE112060,,0.6120273158027879
GRDC_6342070,Germany,geo,camelsde,camelsde_DE110660,,0.21987907245941682
GRDC_6342081,Germany,geo,camelsde,camelsde_DE110730,,0.7541580588662242
GRDC_6342100,Germany,geo,camelsde,camelsde_DE110700,,0.328527428794912
GRDC_6342105,Germany,geo,camelsde,camelsde_DE110040,,0.35112600876972544
GRDC_6342110,Germany,geo,camelsde,camelsde_DE210460,,0.9813136924465106
GRDC_6342120,Germany,geo,camelsde,camelsde_DE210580,,0.34369216880076126
GRDC_6342125,Germany,geo,camelsde,camelsde_DE210590,,0.4710218429334781
GRDC_6342130,Germany,geo,camelsde,camelsde_DE210540,,0.2499193072991762
GRDC_6342200,Germany,geo,camelsde,camelsde_DE210200,,0.4609398748448582
GRDC_6342201,Germany,geo,camelsde,camelsde_DE210210,,0.7039162030059374
GRDC_6342210,Germany,geo,camelsde,camelsde_DE210290,,0.6000578318570775
GRDC_6342220,Germany,geo,camelsde,camelsde_DE210250,,0.06236107163558395
GRDC_6342230,Germany,geo,camelsde,camelsde_DE110060,,0.4436500680739042
GRDC_6342501,Germany,geo,camelsde,camelsde_DE210020,,0.25857064766911425
GRDC_6342502,Germany,geo,camelsde,camelsde_DE110030,,0.3721373092368227
GRDC_6342510,Germany,geo,camelsde,camelsde_DE210660,,0.14402799714982928
GRDC_6342512,Germany,geo,camelsde,camelsde_DE210630,,0.031584842832227254
GRDC_6342513,Germany,geo,camelsde,camelsde_DE210640,,0.26395393954039087
GRDC_6342520,Germany,geo,camelsde,camelsde_DE211080,,0.32697854180546543
GRDC_6342521,Germany,geo,camelsde,camelsde_DE211090,,0.2602446017560393
GRDC_6342522,Germany,geo,camelsde,camelsde_DE211070,,0.34551229126541333
GRDC_6342530,Germany,geo,camelsde,camelsde_DE210750,,0.6599877425195335
GRDC_6342531,Germany,geo,camelsde,camelsde_DE210790,,0.10852923807289694
GRDC_6342540,Germany,geo,camelsde,camelsde_DE210720,,0.5582743979239344
GRDC_6342570,Germany,geo,camelsde,camelsde_DE212260,,0.4630763827951895
GRDC_6342610,Germany,geo,camelsde,camelsde_DE211190,,0.1049178171816737
GRDC_6342611,Germany,geo,camelsde,camelsde_DE211170,,0.1642291972913342
GRDC_6342625,Germany,geo,camelsde,camelsde_DE211560,,0.5309083616519559
GRDC_6342630,Germany,geo,camelsde,camelsde_DE211680,,0.22768055073001298
GRDC_6342640,Germany,geo,camelsde,camelsde_DE211760,,0.49261295170091773
GRDC_6342650,Germany,geo,camelsde,camelsde_DE212240,,0.07142875725978691
GRDC_6342655,Germany,geo,camelsde,camelsde_DE212460,,0.2436489414367037
GRDC_6342660,Germany,geo,camelsde,camelsde_DE212500,,0.3015881317548995
GRDC_6342670,Germany,geo,camelsde,camelsde_DE212570,,0.004924260625670341
GRDC_6342675,Germany,geo,camelsde,camelsde_DE212590,,0.40497239308962546
GRDC_6342810,Germany,geo,camelsde,camelsde_DE110640,,0.29159679359572777
GRDC_6342820,Germany,geo,camelsde,camelsde_DE212650,,0.14955710376167045
GRDC_6342830,Germany,geo,camelsde,camelsde_DE212670,,0.0968970316861534
GRDC_6342840,Germany,geo,camelsde,camelsde_DE212680,,0.23213206804802708
GRDC_6342925,Germany,geo,camelsde,camelsde_DE211950,,0.2693816267266878
GRDC_6342926,Germany,geo,camelsde,camelsde_DE211840,,0.3488148246131965
GRDC_6342927,Germany,geo,camelsde,camelsde_DE211870,,0.35485634533199745
GRDC_6342928,Germany,geo,camelsde,camelsde_DE211810,,0.1606432541081101
GRDC_6342931,Germany,geo,camelsde,camelsde_DE212040,,0.41942241937072494
GRDC_6342935,Germany,geo,camelsde,camelsde_DE212100,,0.34104175082287935
GRDC_6342947,Germany,geo,camelsde,camelsde_DE211830,,0.3434836129466053
GRDC_6342950,Germany,geo,camelsde,camelsde_DE211970,,0.07582253455096459
GRDC_6342951,Germany,geo,camelsde,camelsde_DE211970,,0.07582253455096459
GRDC_6342960,Germany,geo,camelsde,camelsde_DE212710,,0.12642147228074507
GRDC_6342970,Germany,geo,camelsde,camelsde_DE110020,,0.1423149531616193
GRDC_6342980,Germany,geo,camelsde,camelsde_DE110000,,0.31386083091771927
GRDC_6343100,Germany,geo,camelsde,camelsde_DE212800,,0.8518530730223534
GRDC_6343110,Germany,geo,camelsde,camelsde_DE213030,,0.3521739844027063
GRDC_6343111,Germany,geo,camelsde,camelsde_DE213020,,0.17918131674126608
GRDC_6343120,Germany,geo,camelsde,camelsde_DE212980,,0.6052291403137057
GRDC_6343500,Germany,geo,camelsde,camelsde_DE213380,,0.21097346771340744
GRDC_6343520,Germany,geo,camelsde,camelsde_DE212890,,0.18418623375285081
GRDC_6343530,Germany,geo,camelsde,camelsde_DE213330,,0.20717881867498367
GRDC_6343531,Germany,geo,camelsde,camelsde_DE213320,,0.30136718828900627
GRDC_6343535,Germany,geo,camelsde,camelsde_DE213350,,0.7773750329508419
GRDC_6343537,Germany,geo,camelsde,camelsde_DE213320,,0.2570360386193485
GRDC_6343555,Germany,geo,camelsde,camelsde_DE213400,,0.39869492772695736
GRDC_6343560,Germany,geo,camelsde,camelsde_DE213430,,0.006109749992156324
GRDC_6343570,Germany,geo,camelsde,camelsde_DE213250,,0.11449771586230319
GRDC_6357501,Germany,geo,camelsde,camelsde_DE412190,,0.06303078871824416
GRDC_6357502,Germany,geo,camelsde,camelsde_DED10710,,0.09518639801768099
GRDC_6357505,Germany,geo,camelsde,camelsde_DED10810,,0.1859075385607637
GRDC_6357510,Germany,geo,camelsde,camelsde_DED12520,,0.267825470122548
GRDC_6235100,Austria,geo,camelsch,camelsch_3021,,0.7063366188381086
GRDC_6235101,Austria,geo,camelsch,camelsch_3027,,0.3895567352435542
GRDC_6235102,Austria,geo,camelsch,camelsch_3030,,0.535459917434912
GRDC_6235110,Austria,geo,camelsch,camelsch_3029,,0.5860609285665848
GRDC_6235200,Austria,geo,camelsch,camelsch_3013,,0.5870413620892115
GRDC_6235210,Austria,geo,camelsch,camelsch_3022,,0.3897888687677153
GRDC_6235300,Austria,geo,camelsch,camelsch_3007,,0.5193909169395554
GRDC_6235400,Austria,geo,camelsch,camelsch_3003,,0.10089087037559208
GRDC_6235500,Austria,geo,camelsch,camelsch_3017,,0.38920840014217706
GRDC_6235530,Austria,geo,camelsch,camelsch_3006,,0.23543838630382682
GRDC_6235535,Austria,geo,camelsch,camelsch_3001,,0.5195931259692538
GRDC_6243450,Austria,geo,camelsch,camelsch_3032,,0.3520536832582405
GRDC_6335410,Germany,geo,camelsch,camelsch_4004,,0.7945899138502076
GRDC_6335450,Germany,geo,camelsch,camelsch_4016,,0.3588163427280633
GRDC_6335460,Germany,geo,camelsch,camelsch_4015,,0.5171743714299841
GRDC_6335461,Germany,geo,camelsch,camelsch_4015,,0.5171743714299841
GRDC_6335465,Germany,geo,camelsch,camelsch_4020,,0.6952321243214825
GRDC_6335470,Germany,geo,camelsch,camelsch_4011,,0.31885711004644585
GRDC_6335730,Germany,geo,camelsch,camelsch_4002,,0.5194355228791853
GRDC_6935020,Switzerland,geo,camelsch,camelsch_2135,,0.6212638256478289
GRDC_6935050,Switzerland,geo,camelsch,camelsch_2615,,0.7279851718425706
GRDC_6935051,Switzerland,geo,camelsch,camelsch_2289,,0.10042944374593646
GRDC_6935052,Switzerland,geo,camelsch,camelsch_2615,,0.05365775512120743
GRDC_6935053,Switzerland,geo,camelsch,camelsch_2091,,0.16373263639478208
GRDC_6935054,Switzerland,geo,camelsch,camelsch_2143,,0.3347957031811594
GRDC_6935055,Switzerland,geo,camelsch,camelsch_2288,,0.2548307670813618
GRDC_6935060,Switzerland,geo,camelsch,camelsch_2122,,0.6072372167807149
GRDC_6935065,Switzerland,geo,camelsch,camelsch_2307,,0.3202056760236617
GRDC_6935070,Switzerland,geo,camelsch,camelsch_2202,,0.10053787832830745
GRDC_6935080,Switzerland,geo,camelsch,camelsch_2159,,0.5358143123537115
GRDC_6935100,Switzerland,geo,camelsch,camelsch_2300,,0.4746739444789893
GRDC_6935102,Switzerland,geo,camelsch,camelsch_2635,,0.5799010028059054
GRDC_6935120,Switzerland,geo,camelsch,camelsch_2369,,0.6295165056166542
GRDC_6935145,Switzerland,geo,camelsch,camelsch_2602,,0.29243720434590775
GRDC_6935200,Switzerland,geo,camelsch,camelsch_2308,,0.5559780655369548
GRDC_6935220,Switzerland,geo,camelsch,camelsch_2312,,0.6372149842614656
GRDC_6935300,Switzerland,geo,camelsch,camelsch_2205,,0.7245652743319229
GRDC_6935301,Switzerland,geo,camelsch,camelsch_2016,,0.32007134305084073
GRDC_6935302,Switzerland,geo,camelsch,camelsch_2063,,0.17056825662795402
GRDC_6935310,Switzerland,geo,camelsch,camelsch_2018,,0.25575551439732663
GRDC_6935313,Switzerland,geo,camelsch,camelsch_2634,,0.4301924544128516
GRDC_6935314,Switzerland,geo,camelsch,camelsch_2634,,0.16144475315948958
GRDC_6935320,Switzerland,geo,camelsch,camelsch_2070,,0.7075946468837476
GRDC_6935330,Switzerland,geo,camelsch,camelsch_2151,,0.42364205135399186
GRDC_6935331,Switzerland,geo,camelsch,camelsch_2219,,0.39164300988972595
GRDC_6935335,Switzerland,geo,camelsch,camelsch_2276,,0.29206268714707617
GRDC_6935350,Switzerland,geo,camelsch,camelsch_2179,,0.1656636269010213
GRDC_6935361,Switzerland,geo,camelsch,camelsch_2343,,0.3900374004733161
GRDC_6935387,Switzerland,geo,camelsch,camelsch_2232,,0.5361687993866389
GRDC_6935390,Switzerland,geo,camelsch,camelsch_2034,,0.5124007930866422
GRDC_6935400,Switzerland,geo,camelsch,camelsch_2044,,0.25024469065198524
GRDC_6935401,Switzerland,geo,camelsch,camelsch_2181,,0.42360750439601064
GRDC_6935402,Switzerland,geo,camelsch,camelsch_2303,,0.5561006650852054
GRDC_6935410,Switzerland,geo,camelsch,camelsch_2468,,0.5561006650852524
GRDC_6935412,Switzerland,geo,camelsch,camelsch_2112,,0.37146813981649307
GRDC_6935430,Switzerland,geo,camelsch,camelsch_2374,,0.5366327067059672
GRDC_6935440,Switzerland,geo,camelsch,camelsch_2305,,0.23544219289627225
GRDC_6935460,Switzerland,geo,camelsch,camelsch_2126,,0.28180625189896935
GRDC_6935500,Switzerland,geo,camelsch,camelsch_2473,,0.1367905398505066
GRDC_6935530,Switzerland,geo,camelsch,camelsch_2200,,0.5728210366755231
GRDC_6935535,Switzerland,geo,camelsch,camelsch_2109,,0.519629552573192
GRDC_6935540,Switzerland,geo,camelsch,camelsch_2150,,0.3238903990009349
GRDC_6935550,Switzerland,geo,camelsch,camelsch_2327,,0.3908325021081103
GRDC_6935560,Switzerland,geo,camelsch,camelsch_2132,,0.21392638017153356
GRDC_6935580,Switzerland,geo,camelsch,camelsch_2299,,0.16589162789210432
GRDC_6935590,Switzerland,geo,camelsch,camelsch_2084,,0.28264311942559495
GRDC_6935600,Switzerland,geo,camelsch,camelsch_2185,,0.352568394668829
GRDC_6939050,Switzerland,geo,camelsch,camelsch_2174,,0.251140055781401
GRDC_6939200,Switzerland,geo,camelsch,camelsch_2009,,0.23551900282326763
GRDC_6939205,Switzerland,geo,camelsch,camelsch_2203,,0.25962060540360354
GRDC_6939500,Switzerland,geo,camelsch,camelsch_2024,,0.4355897169899576
GRDC_6939501,Switzerland,geo,camelsch,camelsch_2268,,0.05397769319974
GRDC_6939510,Switzerland,geo,camelsch,camelsch_2161,,0.5887075793716338
GRDC_6939520,Switzerland,geo,camelsch,camelsch_2269,,0.1665383166930399
GRDC_6939550,Switzerland,geo,camelsch,camelsch_2342,,0.13692411801550533
GRDC_6943100,Switzerland,geo,camelsch,camelsch_2067,,0.6557670504835919
GRDC_6943110,Switzerland,geo,camelsch,camelsch_2319,,0.5900609698635683
GRDC_6943115,Switzerland,geo,camelsch,camelsch_2304,,0.42364205135398314
GRDC_6943150,Switzerland,geo,camelsch,camelsch_2262,,0.5124125652411605
GRDC_6943160,Switzerland,geo,camelsch,camelsch_2256,,0.1668065938354724
GRDC_6943170,Switzerland,geo,camelsch,camelsch_2263,,0.376106744972261
GRDC_6948100,Switzerland,geo,camelsch,camelsch_2020,,0.42366102533696465
GRDC_6948110,Switzerland,geo,camelsch,camelsch_2078,,0.2510486205819331
GRDC_6948111,Switzerland,geo,camelsch,camelsch_2366,,0.2509854929207162
GRDC_6948120,Switzerland,geo,camelsch,camelsch_2368,,0.2601438655180153
GRDC_6948150,Switzerland,geo,camelsch,camelsch_2321,,0.1478162486777963
GRDC_6948360,Switzerland,geo,camelsch,camelsch_2356,,0.13691782064943678
GRDC_6948520,Switzerland,geo,camelsch,camelsch_2347,,0.25110914610581997
GRDC_6948530,Switzerland,geo,camelsch,camelsch_2244,,0.33542020882072854
GRDC_6140100,Czech Republic,geo,camelscz,camelscz_H4017000,,0.13654029577538676
GRDC_6140101,Czech Republic,geo,camelscz,camelscz_H4018000,,0.20996310791569164
GRDC_6140120,Czech Republic,geo,camelscz,camelscz_P4066000,,0.2768658859217684
GRDC_6140130,Czech Republic,geo,camelscz,camelscz_P4085000,,0.2160179029423101
GRDC_6140140,Czech Republic,geo,camelscz,camelscz_P4090000,,0.1972679676907774
GRDC_6140150,Czech Republic,geo,camelscz,camelscz_C4143000,,0.055601891757453746
GRDC_6140250,Czech Republic,geo,camelscz,camelscz_L4198000,,0.24714756538141047
GRDC_6140280,Czech Republic,geo,camelscz,camelscz_U4210900,,0.21072176928162922
GRDC_6140300,Czech Republic,geo,camelscz,camelscz_C4151000,,0.2173705589983867
GRDC_6140400,Czech Republic,geo,camelscz,camelscz_P4240000,,0.26284874450453727
GRDC_6140401,Czech Republic,geo,camelscz,camelscz_P4221000,,0.2221563551187822
GRDC_6140450,Czech Republic,geo,camelscz,camelscz_P4161000,,0.27438399869464847
GRDC_6140480,Czech Republic,geo,camelscz,camelscz_P4101800,,0.19994584938766316
GRDC_6140481,Czech Republic,geo,camelscz,camelscz_P4101800,,0.19994584938766316
GRDC_6140500,Czech Republic,geo,camelscz,camelscz_P4091000,,0.11168028708915745
GRDC_6140600,Czech Republic,geo,camelscz,camelscz_H4047000,,0.15411116609619646
GRDC_6140700,Czech Republic,geo,camelscz,camelscz_H4025000,,0.08212603603681783
GRDC_6142100,Czech Republic,geo,camelscz,camelscz_O4355000,,0.12109399788987037
GRDC_6142101,Czech Republic,geo,camelscz,camelscz_O4345000,,0.16697411973164256
GRDC_6142110,Czech Republic,geo,camelscz,camelscz_B4480500,,0.2552235453538422
GRDC_6142120,Czech Republic,geo,camelscz,camelscz_B4421500,,0.2631166298506255
GRDC_6142160,Czech Republic,geo,camelscz,camelscz_B8453000,,0.19445126961386539
GRDC_6142170,Czech Republic,geo,camelscz,camelscz_B4473000,,0.14309671846706826
GRDC_6142190,Czech Republic,geo,camelscz,camelscz_O4354000,,0.3596338566103606
GRDC_6142250,Czech Republic,geo,camelscz,camelscz_B4465000,,0.3588318477968622
GRDC_6142300,Czech Republic,geo,camelscz,camelscz_O4389000,,0.1896211439819283
GRDC_6157100,Czech Republic,geo,camelscz,camelscz_O4294000,,0.2727899706467742
GRDC_6593500,Israel,geo,il,il_15120,,0.9837880414296419
GRDC_6593700,Israel,geo,il,il_18178,,0.6660730291163494
GRDC_6593750,Israel,geo,il,il_18178,,0.9813602995012592
GRDC_6594050,Israel,geo,il,il_30175,,0.21454711623151435
GRDC_6401070,Iceland,geo,lamahice,lamahice_67,,0.138842958605996
GRDC_6401080,Iceland,geo,lamahice,lamahice_37,,0.6243422638010455
GRDC_6401111,Iceland,geo,lamahice,lamahice_8,,0.6682485884141822
GRDC_6401120,Iceland,geo,lamahice,lamahice_102,,0.15663499970235473
GRDC_6401130,Iceland,geo,lamahice,lamahice_47,,0.17903372131543843
GRDC_6401140,Iceland,geo,lamahice,lamahice_14,,0.7280411212231053
GRDC_6401150,Iceland,geo,lamahice,lamahice_95,,0.5450561572799917
GRDC_6401160,Iceland,geo,lamahice,lamahice_21,,0.9005841218390517
GRDC_6401200,Iceland,geo,lamahice,lamahice_93,,0.6100476967261441
GRDC_6401250,Iceland,geo,lamahice,lamahice_91,,0.1751939110098323
GRDC_6401310,Iceland,geo,lamahice,lamahice_92,,0.7434783256801627
GRDC_6401400,Iceland,geo,lamahice,lamahice_18,,0.5337975747617778
GRDC_6401440,Iceland,geo,lamahice,lamahice_66,,0.3386807649564534
GRDC_6401460,Iceland,geo,lamahice,lamahice_70,,0.6231047998199601
GRDC_6401500,Iceland,geo,lamahice,lamahice_11,,0.5921481257036116
GRDC_6401601,Iceland,geo,lamahice,lamahice_84,,0.4602746366752233
GRDC_6401610,Iceland,geo,lamahice,lamahice_77,,0.24245214752904304
GRDC_6401702,Iceland,geo,lamahice,lamahice_45,,0.0462524071642433
GRDC_6401703,Iceland,geo,lamahice,lamahice_46,,0.07878601880220915
GRDC_6401800,Iceland,geo,lamahice,lamahice_62,,0.5977433700775909
GRDC_5302300,Australia,geo,ausvic,ausvic_230200,,0.11617118939582904
GRDC_5302301,Australia,geo,ausvic,ausvic_230102,,0.09938770945122996
